2026-01-25 12:29:15,005,model_id,operation,duration_sec,peak_vram_gb,system_ram_gb
2026-01-25 12:29:47,150,qwen-coder,score,18.8693,7.7253,2.2641
2026-01-25 12:29:47,989,qwen-coder,score,0.8107,7.7253,2.2641
2026-01-25 12:29:55,097,qwen-coder,generate,7.0858,8.6530,2.3921
2026-01-25 12:29:55,933,qwen-coder,score,0.8009,7.6192,2.3924
2026-01-25 12:29:59,510,qwen-coder,score,3.5517,7.6390,2.3924
2026-01-25 12:30:04,225,qwen-coder,generate,4.6899,6.7584,2.3944
2026-01-25 12:30:05,064,qwen-coder,score,0.8214,7.7253,2.3944
2026-01-25 12:30:05,914,qwen-coder,score,0.8240,7.7253,2.3944
2026-01-25 12:30:10,936,qwen-coder,generate,4.9953,7.8347,2.3972
2026-01-25 12:30:11,425,qwen-coder,score,0.4646,6.5837,2.3972
2026-01-25 12:30:11,904,qwen-coder,score,0.4649,6.5767,2.3972
2026-01-25 12:30:15,064,qwen-coder,generate,3.1462,6.1575,2.3972
2026-01-25 12:30:15,543,qwen-coder,score,0.4653,6.6079,2.3972
2026-01-25 12:30:16,040,qwen-coder,score,0.4836,6.6538,2.3972
2026-01-25 12:30:20,682,qwen-coder,generate,4.6269,6.1833,2.3972
2026-01-25 12:30:21,319,qwen-coder,score,0.6226,7.1620,2.3972
2026-01-25 12:30:21,978,qwen-coder,score,0.6445,7.1902,2.3972
2026-01-25 12:30:25,238,qwen-coder,generate,3.2437,6.4718,2.3972
2026-01-25 12:30:25,675,qwen-coder,score,0.4227,6.4554,2.3972
2026-01-25 12:30:26,090,qwen-coder,score,0.4008,6.3646,2.3972
2026-01-25 12:30:33,166,qwen-coder,generate,7.0617,6.0740,2.3972
2026-01-25 12:30:33,760,qwen-coder,score,0.5785,6.9010,2.3972
2026-01-25 12:30:34,349,qwen-coder,score,0.5739,6.9219,2.3972
2026-01-25 12:30:37,931,qwen-coder,generate,3.5654,6.3113,2.3972
2026-01-25 12:30:38,607,qwen-coder,score,0.6611,7.2458,2.3972
2026-01-25 12:30:39,316,qwen-coder,score,0.6925,7.2988,2.3972
2026-01-25 12:30:42,648,qwen-coder,generate,3.3156,6.5345,2.3972
2026-01-25 12:30:43,255,qwen-coder,score,0.5904,7.0075,2.3972
2026-01-25 12:30:43,824,qwen-coder,score,0.5543,6.9400,2.3972
2026-01-25 12:30:48,401,qwen-coder,generate,4.5632,6.3443,2.3972
2026-01-25 12:30:51,648,qwen-coder,score,0.8564,7.7253,2.4031
2026-01-25 12:30:52,505,qwen-coder,score,0.8313,7.7253,2.4055
2026-01-25 12:33:09,568,qwen-coder,generate,137.0353,11.3677,2.4180
2026-01-25 12:33:10,463,qwen-coder,score,0.8344,7.7253,2.4180
2026-01-25 12:33:11,337,qwen-coder,score,0.8475,7.7253,2.4180
2026-01-25 12:35:27,647,qwen-coder,generate,136.2842,11.3677,2.4204
2026-01-25 12:35:28,542,qwen-coder,score,0.8424,7.7253,2.4204
2026-01-25 12:35:29,410,qwen-coder,score,0.8425,7.7253,2.4204
2026-01-25 12:37:45,739,qwen-coder,generate,136.2985,11.3677,2.4531
2026-01-25 12:37:46,617,qwen-coder,score,0.8203,7.7253,2.4531
2026-01-25 12:37:47,469,qwen-coder,score,0.8218,7.7253,2.4531
2026-01-25 12:40:03,652,qwen-coder,generate,136.1568,11.3677,2.4531
2026-01-25 12:40:04,531,qwen-coder,score,0.8151,7.7253,2.4531
2026-01-25 12:40:05,378,qwen-coder,score,0.8193,7.7253,2.4531
2026-01-25 12:42:09,657,qwen-coder,generate,124.2489,11.3677,2.4531
2026-01-25 12:42:10,544,qwen-coder,score,0.8237,7.7253,2.4531
2026-01-25 12:42:11,401,qwen-coder,score,0.8283,7.7253,2.4531
2026-01-25 12:43:48,472,qwen-coder,generate,97.0433,11.3677,2.4531
2026-01-25 12:43:49,351,qwen-coder,score,0.8230,7.7253,2.4531
2026-01-25 12:43:50,184,qwen-coder,score,0.8064,7.7253,2.4531
2026-01-25 12:43:57,705,qwen-coder,generate,7.4892,9.2792,2.4531
2026-01-25 12:43:58,556,qwen-coder,score,0.8098,7.7253,2.4531
2026-01-25 12:43:59,395,qwen-coder,score,0.8116,7.7253,2.4531
2026-01-25 12:44:11,294,qwen-coder,generate,11.8722,10.2350,2.4531
2026-01-25 12:44:12,176,qwen-coder,score,0.8357,7.7253,2.4531
2026-01-25 12:44:13,043,qwen-coder,score,0.8378,7.7253,2.4531
2026-01-25 12:44:21,152,qwen-coder,generate,8.0771,10.2882,2.4531
2026-01-25 12:44:22,030,qwen-coder,score,0.8349,7.7253,2.4531
2026-01-25 12:44:22,893,qwen-coder,score,0.8349,7.7253,2.4531
2026-01-25 12:46:27,399,qwen-coder,generate,124.4788,11.3677,2.4531
2026-01-25 12:46:32,197,qwen-coder,score,0.8667,7.7253,2.4531
2026-01-25 12:46:33,055,qwen-coder,score,0.8267,7.7253,2.4531
2026-01-25 12:46:41,548,qwen-coder,generate,8.4598,10.7334,2.4531
2026-01-25 12:46:42,400,qwen-coder,score,0.8059,7.7253,2.4531
2026-01-25 12:46:43,237,qwen-coder,score,0.8103,7.7253,2.4531
2026-01-25 12:46:55,206,qwen-coder,generate,11.9363,9.8998,2.4531
2026-01-25 12:46:56,088,qwen-coder,score,0.8319,7.7253,2.4531
2026-01-25 12:46:56,947,qwen-coder,score,0.8330,7.7253,2.4531
2026-01-25 12:47:56,624,qwen-coder,generate,59.6532,11.3677,2.4531
2026-01-25 12:48:00,255,qwen-coder,score,3.5763,7.7253,2.4531
2026-01-25 12:48:01,111,qwen-coder,score,0.8294,7.7253,2.4531
2026-01-25 12:48:09,071,qwen-coder,generate,7.9356,10.2530,2.4531
2026-01-25 12:48:09,940,qwen-coder,score,0.8258,7.7253,2.4531
2026-01-25 12:48:10,795,qwen-coder,score,0.8262,7.7253,2.4531
2026-01-25 12:48:19,674,qwen-coder,generate,8.8549,9.1293,2.4531
2026-01-25 12:48:20,518,qwen-coder,score,0.8059,7.7253,2.4531
2026-01-25 12:48:21,352,qwen-coder,score,0.8080,7.7253,2.4531
2026-01-25 12:48:28,012,qwen-coder,generate,6.6323,9.1744,2.4531
2026-01-25 12:48:28,883,qwen-coder,score,0.8317,7.7253,2.4531
2026-01-25 12:48:32,592,qwen-coder,score,3.6795,7.7253,2.4531
2026-01-25 12:48:40,112,qwen-coder,generate,7.4929,9.1399,2.4531
2026-01-25 12:48:40,976,qwen-coder,score,0.8242,7.7253,2.4531
2026-01-25 12:48:41,829,qwen-coder,score,0.8259,7.7253,2.4531
2026-01-25 12:48:47,903,qwen-coder,generate,6.0463,9.1621,2.4531
2026-01-25 12:48:48,743,qwen-coder,score,0.7995,7.7253,2.4531
2026-01-25 12:48:49,569,qwen-coder,score,0.8018,7.7253,2.4531
2026-01-25 12:48:56,057,qwen-coder,generate,6.4627,8.0452,2.4531
2026-01-25 12:48:56,911,qwen-coder,score,0.8189,7.7253,2.4531
2026-01-25 12:48:57,760,qwen-coder,score,0.8198,7.7253,2.4531
2026-01-25 12:49:05,263,qwen-coder,generate,7.4715,7.7640,2.4531
2026-01-25 12:49:10,409,qwen-coder,score,0.8787,7.7253,2.4531
2026-01-25 12:49:11,275,qwen-coder,score,0.8382,7.7253,2.4531
2026-01-25 12:51:29,573,qwen-coder,generate,138.2692,11.3677,2.4531
2026-01-25 12:51:30,433,qwen-coder,score,0.8033,7.7253,2.4531
2026-01-25 12:51:31,263,qwen-coder,score,0.8059,7.7253,2.4531
2026-01-25 12:51:38,850,qwen-coder,generate,7.5591,9.9205,2.4531
2026-01-25 12:51:39,701,qwen-coder,score,0.8123,7.7253,2.4531
2026-01-25 12:51:40,563,qwen-coder,score,0.8302,7.7253,2.4531
2026-01-25 12:51:53,486,qwen-coder,generate,12.8920,10.1409,2.4531
2026-01-25 12:51:54,361,qwen-coder,score,0.8222,7.7253,2.4531
2026-01-25 12:51:55,208,qwen-coder,score,0.8188,7.7253,2.4531
2026-01-25 12:52:02,322,qwen-coder,generate,7.0852,8.5192,2.4570
2026-01-25 12:52:03,155,qwen-coder,score,0.7998,7.7253,2.4570
2026-01-25 12:52:03,983,qwen-coder,score,0.7998,7.7253,2.4570
2026-01-25 12:52:10,307,qwen-coder,generate,6.2928,8.4974,2.4586
2026-01-25 12:52:11,155,qwen-coder,score,0.8197,7.7253,2.4586
2026-01-25 12:52:12,009,qwen-coder,score,0.8201,7.7253,2.4586
2026-01-25 12:52:21,752,qwen-coder,generate,9.7133,9.5985,2.4586
2026-01-25 12:52:22,626,qwen-coder,score,0.8268,7.7253,2.4634
2026-01-25 12:52:23,479,qwen-coder,score,0.8266,7.7253,2.4634
2026-01-25 12:52:29,923,qwen-coder,generate,6.4153,8.5955,2.4634
2026-01-25 12:52:30,768,qwen-coder,score,0.8125,7.7253,2.4634
2026-01-25 12:52:31,610,qwen-coder,score,0.8136,7.7253,2.4634
2026-01-25 12:52:37,205,qwen-coder,generate,5.5667,8.0339,2.4666
2026-01-25 12:52:38,039,qwen-coder,score,0.7996,7.7253,2.4666
2026-01-25 12:52:38,867,qwen-coder,score,0.7996,7.7253,2.4666
2026-01-25 12:52:44,941,qwen-coder,generate,6.0467,8.0293,2.4666
2026-01-25 12:52:45,796,qwen-coder,score,0.8193,7.7253,2.4666
2026-01-25 12:52:46,644,qwen-coder,score,0.8187,7.7253,2.4666
2026-01-25 12:52:54,818,qwen-coder,generate,8.1492,8.0195,2.4666
2026-01-25 12:52:59,125,qwen-coder,score,0.8566,7.7253,2.4713
2026-01-25 12:52:59,984,qwen-coder,score,0.8290,7.7253,2.4713
2026-01-25 12:53:09,721,qwen-coder,generate,9.7127,10.6279,2.4724
2026-01-25 12:53:10,583,qwen-coder,score,0.8087,7.7253,2.4724
2026-01-25 12:53:11,426,qwen-coder,score,0.8123,7.7253,2.4724
2026-01-25 12:53:19,536,qwen-coder,generate,8.0852,10.1670,2.4724
2026-01-25 12:53:20,414,qwen-coder,score,0.8318,7.7253,2.4724
2026-01-25 12:53:21,277,qwen-coder,score,0.8310,7.7253,2.4724
2026-01-25 12:55:43,807,qwen-coder,generate,142.5017,11.3677,2.4760
2026-01-25 12:55:44,694,qwen-coder,score,0.8264,7.7253,2.4760
2026-01-25 12:55:45,558,qwen-coder,score,0.8333,7.7253,2.4760
2026-01-25 12:55:52,763,qwen-coder,generate,7.1746,9.4075,2.4760
2026-01-25 12:55:53,607,qwen-coder,score,0.8021,7.7253,2.4760
2026-01-25 12:55:54,449,qwen-coder,score,0.8117,7.7253,2.4760
2026-01-25 12:56:02,051,qwen-coder,generate,7.5754,9.2585,2.4760
2026-01-25 12:56:02,923,qwen-coder,score,0.8274,7.7253,2.4760
2026-01-25 12:56:03,780,qwen-coder,score,0.8296,7.7253,2.4760
2026-01-25 12:56:12,550,qwen-coder,generate,8.7408,8.7668,2.4760
2026-01-25 12:56:13,409,qwen-coder,score,0.8223,7.7253,2.4760
2026-01-25 12:56:14,271,qwen-coder,score,0.8330,7.7253,2.4760
2026-01-25 12:56:20,745,qwen-coder,generate,6.4439,8.9389,2.4760
2026-01-25 12:56:21,586,qwen-coder,score,0.8004,7.7253,2.4760
2026-01-25 12:56:22,414,qwen-coder,score,0.8049,7.7253,2.4760
2026-01-25 12:56:27,226,qwen-coder,generate,4.7847,7.4543,2.4760
2026-01-25 12:56:28,051,qwen-coder,score,0.8026,7.7253,2.4760
2026-01-25 12:56:28,893,qwen-coder,score,0.8172,7.7253,2.4760
2026-01-25 12:56:34,509,qwen-coder,generate,5.5883,8.1816,2.4760
2026-01-25 12:56:35,364,qwen-coder,score,0.8183,7.7253,2.4760
2026-01-25 12:56:36,210,qwen-coder,score,0.8180,7.7253,2.4760
2026-01-25 12:56:44,715,qwen-coder,generate,8.4760,8.2558,2.4760
2026-01-25 12:56:49,612,qwen-coder,score,0.8442,7.7253,2.4760
2026-01-25 12:56:50,460,qwen-coder,score,0.8198,7.7253,2.4760
2026-01-25 12:57:01,650,qwen-coder,generate,11.1572,10.9371,2.4760
2026-01-25 12:57:02,508,qwen-coder,score,0.8097,7.7253,2.4760
2026-01-25 12:57:03,370,qwen-coder,score,0.8337,7.7253,2.4760
2026-01-25 12:58:17,544,qwen-coder,generate,74.1456,11.3677,2.4760
2026-01-25 12:58:18,437,qwen-coder,score,0.8306,7.7253,2.4760
2026-01-25 12:58:22,033,qwen-coder,score,3.5672,7.7253,2.4760
2026-01-25 12:58:30,208,qwen-coder,generate,8.1503,9.9624,2.4760
2026-01-25 12:58:31,073,qwen-coder,score,0.8190,7.7253,2.4760
2026-01-25 12:58:31,918,qwen-coder,score,0.8156,7.7253,2.4760
2026-01-25 12:58:38,180,qwen-coder,generate,6.2353,8.7135,2.4760
2026-01-25 12:58:39,021,qwen-coder,score,0.8030,7.7253,2.4760
2026-01-25 12:58:39,876,qwen-coder,score,0.8276,7.7253,2.4760
2026-01-25 12:58:47,245,qwen-coder,generate,7.3427,9.6013,2.4760
2026-01-25 12:58:48,111,qwen-coder,score,0.8236,7.7253,2.4760
2026-01-25 12:58:48,968,qwen-coder,score,0.8272,7.7253,2.4760
2026-01-25 12:58:57,984,qwen-coder,generate,8.9903,9.0152,2.4760
2026-01-25 12:58:58,852,qwen-coder,score,0.8211,7.7253,2.4760
2026-01-25 12:58:59,697,qwen-coder,score,0.8163,7.7253,2.4760
2026-01-25 12:59:04,981,qwen-coder,generate,5.2575,7.7781,2.4760
2026-01-25 12:59:05,828,qwen-coder,score,0.8135,7.7253,2.4760
2026-01-25 12:59:06,672,qwen-coder,score,0.8111,7.7253,2.4760
2026-01-25 12:59:11,737,qwen-coder,generate,5.0374,7.9972,2.4760
2026-01-25 12:59:12,573,qwen-coder,score,0.8016,7.7253,2.4760
2026-01-25 12:59:13,405,qwen-coder,score,0.8026,7.7253,2.4760
2026-01-25 12:59:19,890,qwen-coder,generate,6.4581,8.5428,2.4760
2026-01-25 12:59:20,747,qwen-coder,score,0.8188,7.7253,2.4760
2026-01-25 12:59:21,591,qwen-coder,score,0.8198,7.7253,2.4760
2026-01-25 12:59:29,802,qwen-coder,generate,8.1805,7.3114,2.4760
2026-01-25 12:59:47,355,deepseek-r1,score,16.9727,7.7267,3.7992
2026-01-25 12:59:48,190,deepseek-r1,score,0.8055,7.7267,3.7992
2026-01-25 13:01:01,727,deepseek-r1,generate,73.5102,8.6498,3.7992
2026-01-25 13:01:05,330,deepseek-r1,score,3.5585,7.6193,3.7992
2026-01-25 13:01:06,154,deepseek-r1,score,0.8067,7.6403,3.7992
2026-01-25 13:01:41,729,deepseek-r1,generate,35.5571,6.7562,3.8014
2026-01-25 13:01:42,570,deepseek-r1,score,0.8221,7.7267,3.8014
2026-01-25 13:01:43,420,deepseek-r1,score,0.8242,7.7267,3.8014
2026-01-25 13:02:31,014,deepseek-r1,generate,47.5678,7.8289,3.8014
2026-01-25 13:02:31,511,deepseek-r1,score,0.4644,6.5866,3.8014
2026-01-25 13:02:31,990,deepseek-r1,score,0.4658,6.5786,3.8014
2026-01-25 13:03:25,874,deepseek-r1,generate,53.8694,6.1555,3.8014
2026-01-25 13:03:26,365,deepseek-r1,score,0.4754,6.6105,3.8014
2026-01-25 13:03:26,870,deepseek-r1,score,0.4913,6.6564,3.8014
2026-01-25 13:04:04,634,deepseek-r1,generate,37.7498,6.1819,3.8014
2026-01-25 13:04:05,277,deepseek-r1,score,0.6267,7.1666,3.8014
2026-01-25 13:04:05,945,deepseek-r1,score,0.6519,7.1916,3.8014
2026-01-25 13:04:56,708,deepseek-r1,generate,50.7478,6.4691,3.8014
2026-01-25 13:04:57,147,deepseek-r1,score,0.4225,6.4567,3.8014
2026-01-25 13:04:57,557,deepseek-r1,score,0.3955,6.3659,3.8014
2026-01-25 13:05:52,970,deepseek-r1,generate,55.4013,6.0724,3.8014
2026-01-25 13:05:53,551,deepseek-r1,score,0.5656,6.8991,3.8014
2026-01-25 13:05:54,135,deepseek-r1,score,0.5701,6.9200,3.8014
2026-01-25 13:06:28,620,deepseek-r1,generate,34.4694,6.3099,3.8014
2026-01-25 13:06:29,303,deepseek-r1,score,0.6663,7.2486,3.8014
2026-01-25 13:06:30,016,deepseek-r1,score,0.6969,7.3018,3.8014
2026-01-25 13:07:12,118,deepseek-r1,generate,42.0852,6.5311,3.8014
2026-01-25 13:07:12,726,deepseek-r1,score,0.5910,7.0080,3.8014
2026-01-25 13:07:13,309,deepseek-r1,score,0.5677,6.9433,3.8014
2026-01-25 13:07:46,231,deepseek-r1,generate,32.9063,6.3435,3.8014
2026-01-25 13:07:49,548,deepseek-r1,score,0.8573,7.7267,3.8014
2026-01-25 13:07:50,406,deepseek-r1,score,0.8339,7.7267,3.8014
2026-01-25 13:10:11,234,deepseek-r1,generate,140.7936,11.3670,3.8014
2026-01-25 13:10:12,140,deepseek-r1,score,0.8355,7.7267,3.8014
2026-01-25 13:10:13,007,deepseek-r1,score,0.8383,7.7267,3.8014
2026-01-25 13:12:34,470,deepseek-r1,generate,141.4332,11.3670,3.8014
2026-01-25 13:12:35,380,deepseek-r1,score,0.8438,7.7267,3.8014
2026-01-25 13:12:36,263,deepseek-r1,score,0.8475,7.7267,3.8014
2026-01-25 13:14:57,682,deepseek-r1,generate,141.3880,11.3670,3.8014
2026-01-25 13:14:58,571,deepseek-r1,score,0.8181,7.7267,3.8014
2026-01-25 13:14:59,416,deepseek-r1,score,0.8206,7.7267,3.8014
2026-01-25 13:17:18,403,deepseek-r1,generate,138.9569,11.3670,3.8014
2026-01-25 13:17:19,299,deepseek-r1,score,0.8309,7.7267,3.8014
2026-01-25 13:17:20,168,deepseek-r1,score,0.8332,7.7267,3.8014
2026-01-25 13:19:31,212,deepseek-r1,generate,131.0128,11.3670,3.8014
2026-01-25 13:19:32,110,deepseek-r1,score,0.8314,7.7267,3.8014
2026-01-25 13:19:32,979,deepseek-r1,score,0.8342,7.7267,3.8014
2026-01-25 13:21:42,461,deepseek-r1,generate,129.4512,11.3670,3.8014
2026-01-25 13:21:43,351,deepseek-r1,score,0.8265,7.7267,3.8014
2026-01-25 13:21:44,207,deepseek-r1,score,0.8274,7.7267,3.8014
2026-01-25 13:23:50,364,deepseek-r1,generate,126.1332,9.2713,3.8014
2026-01-25 13:23:51,230,deepseek-r1,score,0.8148,7.7267,3.8014
2026-01-25 13:23:52,079,deepseek-r1,score,0.8260,7.7267,3.8014
2026-01-25 13:24:25,693,deepseek-r1,generate,33.5788,10.2323,3.8014
2026-01-25 13:24:26,577,deepseek-r1,score,0.8249,7.7267,3.8014
2026-01-25 13:24:27,452,deepseek-r1,score,0.8386,7.7267,3.8014
2026-01-25 13:25:16,384,deepseek-r1,generate,48.9071,10.2870,3.8014
2026-01-25 13:25:17,259,deepseek-r1,score,0.8232,7.7267,3.8014
2026-01-25 13:25:18,119,deepseek-r1,score,0.8249,7.7267,3.8014
2026-01-25 13:27:26,014,deepseek-r1,generate,127.8706,11.3670,3.8014
2026-01-25 13:27:30,769,deepseek-r1,score,0.8489,7.7267,3.8014
2026-01-25 13:27:31,613,deepseek-r1,score,0.8152,7.7267,3.8014
2026-01-25 13:28:00,325,deepseek-r1,generate,28.6809,10.7290,3.8015
2026-01-25 13:28:01,206,deepseek-r1,score,0.8166,7.7267,3.8015
2026-01-25 13:28:02,047,deepseek-r1,score,0.8166,7.7267,3.8015
2026-01-25 13:28:36,580,deepseek-r1,generate,34.4973,9.8955,3.8015
2026-01-25 13:28:37,444,deepseek-r1,score,0.8095,7.7267,3.8015
2026-01-25 13:28:38,283,deepseek-r1,score,0.8109,7.7267,3.8015
2026-01-25 13:30:47,429,deepseek-r1,generate,129.1163,11.3670,3.8035
2026-01-25 13:30:48,300,deepseek-r1,score,0.8051,7.7267,3.8035
2026-01-25 13:30:49,134,deepseek-r1,score,0.8057,7.7267,3.8035
2026-01-25 13:31:39,595,deepseek-r1,generate,50.4308,10.2476,3.8035
2026-01-25 13:31:40,487,deepseek-r1,score,0.8275,7.7267,3.8035
2026-01-25 13:31:41,347,deepseek-r1,score,0.8297,7.7267,3.8035
2026-01-25 13:32:54,472,deepseek-r1,generate,73.0954,9.1239,3.8035
2026-01-25 13:32:55,317,deepseek-r1,score,0.8041,7.7267,3.8035
2026-01-25 13:32:56,153,deepseek-r1,score,0.8024,7.7267,3.8035
2026-01-25 13:35:00,944,deepseek-r1,generate,124.7610,9.1732,3.8035
2026-01-25 13:35:01,805,deepseek-r1,score,0.8187,7.7267,3.8035
2026-01-25 13:35:02,659,deepseek-r1,score,0.8228,7.7267,3.8035
2026-01-25 13:35:52,720,deepseek-r1,generate,50.0278,9.1342,3.8035
2026-01-25 13:35:53,592,deepseek-r1,score,0.8210,7.7267,3.8035
2026-01-25 13:35:54,444,deepseek-r1,score,0.8213,7.7267,3.8035
2026-01-25 13:36:56,764,deepseek-r1,generate,62.2948,9.1620,3.8035
2026-01-25 13:36:57,634,deepseek-r1,score,0.8222,7.7267,3.8035
2026-01-25 13:36:58,496,deepseek-r1,score,0.8255,7.7267,3.8035
2026-01-25 13:37:46,470,deepseek-r1,generate,47.9461,8.0419,3.8035
2026-01-25 13:37:47,327,deepseek-r1,score,0.8237,7.7267,3.8035
2026-01-25 13:37:48,182,deepseek-r1,score,0.8242,7.7267,3.8035
2026-01-25 13:38:25,545,deepseek-r1,generate,37.3333,7.7626,3.8035
2026-01-25 13:38:30,567,deepseek-r1,score,0.8342,7.7267,3.8035
2026-01-25 13:38:31,418,deepseek-r1,score,0.8198,7.7267,3.8035
2026-01-25 13:40:36,296,deepseek-r1,generate,124.8478,11.3670,3.8035
2026-01-25 13:40:37,241,deepseek-r1,score,0.8620,7.7267,3.8035
2026-01-25 13:40:38,133,deepseek-r1,score,0.8650,7.7267,3.8035
2026-01-25 13:41:23,288,deepseek-r1,generate,45.1279,9.9149,3.8035
2026-01-25 13:41:24,177,deepseek-r1,score,0.8363,7.7267,3.8035
2026-01-25 13:41:27,726,deepseek-r1,score,3.5185,7.7267,3.8035
2026-01-25 13:41:50,457,deepseek-r1,generate,22.6917,10.1367,3.8035
2026-01-25 13:41:51,335,deepseek-r1,score,0.8224,7.7267,3.8035
2026-01-25 13:41:52,190,deepseek-r1,score,0.8252,7.7267,3.8035
2026-01-25 13:43:49,119,deepseek-r1,generate,116.8897,8.5141,3.8035
2026-01-25 13:43:49,960,deepseek-r1,score,0.8014,7.7267,3.8035
2026-01-25 13:43:50,794,deepseek-r1,score,0.8054,7.7267,3.8035
2026-01-25 13:44:56,595,deepseek-r1,generate,65.7658,8.4920,3.8035
2026-01-25 13:44:57,444,deepseek-r1,score,0.8131,7.7267,3.8035
2026-01-25 13:44:58,286,deepseek-r1,score,0.8106,7.7267,3.8035
2026-01-25 13:46:57,490,deepseek-r1,generate,119.1689,9.5927,3.8035
2026-01-25 13:46:58,370,deepseek-r1,score,0.8279,7.7267,3.8035
2026-01-25 13:46:59,237,deepseek-r1,score,0.8308,7.7267,3.8035
2026-01-25 13:47:31,117,deepseek-r1,generate,31.8494,8.5946,3.8035
2026-01-25 13:47:31,984,deepseek-r1,score,0.8265,7.7267,3.8035
2026-01-25 13:47:32,844,deepseek-r1,score,0.8296,7.7267,3.8035
2026-01-25 13:48:05,171,deepseek-r1,generate,32.2901,8.0306,3.8035
2026-01-25 13:48:06,028,deepseek-r1,score,0.8193,7.7267,3.8035
2026-01-25 13:48:06,883,deepseek-r1,score,0.8212,7.7267,3.8035
2026-01-25 13:48:40,503,deepseek-r1,generate,33.5905,8.0284,3.8035
2026-01-25 13:48:41,342,deepseek-r1,score,0.8052,7.7267,3.8035
2026-01-25 13:48:42,185,deepseek-r1,score,0.8113,7.7267,3.8035
2026-01-25 13:49:13,475,deepseek-r1,generate,31.2595,8.0147,3.8035
2026-01-25 13:49:17,624,deepseek-r1,score,0.8397,7.7267,3.8035
2026-01-25 13:49:18,479,deepseek-r1,score,0.8113,7.7267,3.8035
2026-01-25 13:50:22,324,deepseek-r1,generate,63.8080,10.6271,3.8035
2026-01-25 13:50:23,183,deepseek-r1,score,0.7974,7.7267,3.8035
2026-01-25 13:50:24,014,deepseek-r1,score,0.8004,7.7267,3.8035
2026-01-25 13:51:02,529,deepseek-r1,generate,38.4838,10.1608,3.8035
2026-01-25 13:51:03,410,deepseek-r1,score,0.8245,7.7267,3.8035
2026-01-25 13:51:04,283,deepseek-r1,score,0.8276,7.7267,3.8035
2026-01-25 13:53:13,325,deepseek-r1,generate,129.0020,11.3670,3.8035
2026-01-25 13:53:14,220,deepseek-r1,score,0.8170,7.7267,3.8035
2026-01-25 13:53:15,076,deepseek-r1,score,0.8179,7.7267,3.8035
2026-01-25 13:54:11,625,deepseek-r1,generate,56.5244,9.4013,3.8035
2026-01-25 13:54:12,473,deepseek-r1,score,0.7923,7.7267,3.8035
2026-01-25 13:54:13,294,deepseek-r1,score,0.7949,7.7267,3.8035
2026-01-25 13:54:56,014,deepseek-r1,generate,42.6736,9.2522,3.8035
2026-01-25 13:54:56,882,deepseek-r1,score,0.8143,7.7267,3.8035
2026-01-25 13:54:57,724,deepseek-r1,score,0.8181,7.7267,3.8035
2026-01-25 13:55:51,779,deepseek-r1,generate,54.0217,8.7673,3.8035
2026-01-25 13:55:52,634,deepseek-r1,score,0.8012,7.7267,3.8035
2026-01-25 13:55:53,472,deepseek-r1,score,0.8032,7.7267,3.8035
2026-01-25 13:56:35,897,deepseek-r1,generate,42.3919,8.9393,3.8035
2026-01-25 13:56:36,771,deepseek-r1,score,0.8155,7.7267,3.8035
2026-01-25 13:56:37,626,deepseek-r1,score,0.8160,7.7267,3.8035
2026-01-25 13:57:27,063,deepseek-r1,generate,49.4064,7.4522,3.8035
2026-01-25 13:57:27,885,deepseek-r1,score,0.7978,7.7267,3.8035
2026-01-25 13:57:28,715,deepseek-r1,score,0.8028,7.7267,3.8035
2026-01-25 13:58:07,871,deepseek-r1,generate,39.1128,8.1792,3.8035
2026-01-25 13:58:08,705,deepseek-r1,score,0.8024,7.7267,3.8035
2026-01-25 13:58:09,550,deepseek-r1,score,0.8085,7.7267,3.8035
2026-01-25 13:58:48,317,deepseek-r1,generate,38.7294,8.2533,3.8035
2026-01-25 13:58:55,923,deepseek-r1,score,0.8280,7.7267,3.8035
2026-01-25 13:58:56,778,deepseek-r1,score,0.8165,7.7267,3.8035
2026-01-25 13:59:58,643,deepseek-r1,generate,61.8352,10.9313,3.8035
2026-01-25 13:59:59,541,deepseek-r1,score,0.8218,7.7267,3.8035
2026-01-25 14:00:00,397,deepseek-r1,score,0.8248,7.7267,3.8035
2026-01-25 14:02:05,746,deepseek-r1,generate,125.3098,11.3670,3.8035
2026-01-25 14:02:09,299,deepseek-r1,score,2.3479,7.7267,3.8035
2026-01-25 14:02:10,149,deepseek-r1,score,0.8176,7.7267,3.8035
2026-01-25 14:04:12,729,deepseek-r1,generate,122.5476,9.9582,3.8035
2026-01-25 14:04:13,598,deepseek-r1,score,0.8130,7.7267,3.8035
2026-01-25 14:04:14,449,deepseek-r1,score,0.8140,7.7267,3.8035
2026-01-25 14:04:45,145,deepseek-r1,generate,30.6571,8.7146,3.8035
2026-01-25 14:04:46,007,deepseek-r1,score,0.8173,7.7267,3.8035
2026-01-25 14:04:46,860,deepseek-r1,score,0.8195,7.7267,3.8035
2026-01-25 14:05:45,954,deepseek-r1,generate,59.0567,9.5999,3.8035
2026-01-25 14:05:46,837,deepseek-r1,score,0.8149,7.7267,3.8035
2026-01-25 14:05:47,689,deepseek-r1,score,0.8141,7.7267,3.8035
2026-01-25 14:06:33,279,deepseek-r1,generate,45.5567,9.0137,3.8035
2026-01-25 14:06:34,139,deepseek-r1,score,0.8101,7.7267,3.8035
2026-01-25 14:06:34,990,deepseek-r1,score,0.8122,7.7267,3.8035
2026-01-25 14:07:09,605,deepseek-r1,generate,34.5762,7.7749,3.8035
2026-01-25 14:07:10,456,deepseek-r1,score,0.8169,7.7267,3.8035
2026-01-25 14:07:11,304,deepseek-r1,score,0.8186,7.7267,3.8035
2026-01-25 14:08:01,988,deepseek-r1,generate,50.6469,7.9944,3.8035
2026-01-25 14:08:02,842,deepseek-r1,score,0.8115,7.7267,3.8035
2026-01-25 14:08:03,694,deepseek-r1,score,0.8158,7.7267,3.8035
2026-01-25 14:09:13,857,deepseek-r1,generate,70.1307,8.5415,3.8035
2026-01-25 14:09:14,723,deepseek-r1,score,0.8120,7.7267,3.8035
2026-01-25 14:09:15,570,deepseek-r1,score,0.8157,7.7267,3.8035
2026-01-25 14:09:53,528,deepseek-r1,generate,37.9174,7.3066,3.8035
2026-01-25 14:10:25,986,llama3.1,score,31.8911,7.7791,2.6547
2026-01-25 14:10:26,897,llama3.1,score,0.8810,7.7791,2.6547
2026-01-25 14:10:34,986,llama3.1,generate,8.0523,9.2154,2.6547
2026-01-25 14:10:35,822,llama3.1,score,0.7817,7.4923,2.6547
2026-01-25 14:10:36,638,llama3.1,score,0.7842,7.4942,2.6547
2026-01-25 14:10:44,148,llama3.1,generate,7.4833,7.1191,2.6547
2026-01-25 14:10:45,050,llama3.1,score,0.8806,7.7791,2.6547
2026-01-25 14:10:45,958,llama3.1,score,0.8851,7.7791,2.6547
2026-01-25 14:10:54,267,llama3.1,generate,8.2723,8.2079,2.6547
2026-01-25 14:10:54,772,llama3.1,score,0.4699,6.5749,2.6547
2026-01-25 14:10:55,256,llama3.1,score,0.4708,6.5599,2.6547
2026-01-25 14:11:03,870,llama3.1,generate,8.5988,6.4552,2.6547
2026-01-25 14:11:04,349,llama3.1,score,0.4642,6.5641,2.6547
2026-01-25 14:11:04,834,llama3.1,score,0.4707,6.5932,2.6547
2026-01-25 14:11:08,982,llama3.1,generate,4.1347,6.4607,2.6547
2026-01-25 14:11:09,616,llama3.1,score,0.6182,6.9985,2.6547
2026-01-25 14:11:10,265,llama3.1,score,0.6345,7.0285,2.6547
2026-01-25 14:11:20,230,llama3.1,generate,9.9500,6.7592,2.6547
2026-01-25 14:11:20,675,llama3.1,score,0.4285,6.4498,2.6547
2026-01-25 14:11:23,771,llama3.1,score,3.0841,6.3511,2.6547
2026-01-25 14:11:29,026,llama3.1,generate,5.2437,6.3467,2.6547
2026-01-25 14:11:29,591,llama3.1,score,0.5491,6.7737,2.6547
2026-01-25 14:11:30,159,llama3.1,score,0.5545,6.7923,2.6547
2026-01-25 14:11:37,164,llama3.1,generate,6.9896,6.6010,2.6547
2026-01-25 14:11:37,804,llama3.1,score,0.6247,7.0406,2.6547
2026-01-25 14:11:38,464,llama3.1,score,0.6454,7.0907,2.6547
2026-01-25 14:11:45,537,llama3.1,generate,7.0587,6.7957,2.6547
2026-01-25 14:11:46,124,llama3.1,score,0.5681,6.8936,2.6547
2026-01-25 14:11:46,690,llama3.1,score,0.5507,6.8366,2.6547
2026-01-25 14:12:00,325,llama3.1,generate,13.6206,6.6575,2.6547
2026-01-25 14:12:03,770,llama3.1,score,0.9433,7.7791,2.6547
2026-01-25 14:12:04,710,llama3.1,score,0.9014,7.7791,2.6547
2026-01-25 14:14:23,664,llama3.1,generate,138.9171,13.0361,2.6547
2026-01-25 14:14:24,662,llama3.1,score,0.8923,7.7791,2.6547
2026-01-25 14:14:25,597,llama3.1,score,0.9123,7.7791,2.6547
2026-01-25 14:16:43,220,llama3.1,generate,137.5992,13.0361,2.6547
2026-01-25 14:16:44,229,llama3.1,score,0.9091,7.7791,2.6547
2026-01-25 14:16:45,164,llama3.1,score,0.9104,7.7791,2.6547
2026-01-25 14:19:04,555,llama3.1,generate,139.3594,13.0361,2.6547
2026-01-25 14:19:05,555,llama3.1,score,0.8989,7.7791,2.6547
2026-01-25 14:19:06,479,llama3.1,score,0.8919,7.7791,2.6547
2026-01-25 14:19:19,091,llama3.1,generate,12.5817,12.5163,2.6547
2026-01-25 14:19:20,055,llama3.1,score,0.8805,7.7791,2.6547
2026-01-25 14:19:20,971,llama3.1,score,0.8852,7.7791,2.6547
2026-01-25 14:19:34,657,llama3.1,generate,13.6580,12.1582,2.6547
2026-01-25 14:19:35,648,llama3.1,score,0.8938,7.7791,2.6547
2026-01-25 14:19:36,573,llama3.1,score,0.8940,7.7791,2.6547
2026-01-25 14:19:53,307,llama3.1,generate,16.7040,12.4375,2.6547
2026-01-25 14:19:54,280,llama3.1,score,0.8780,7.7791,2.6547
2026-01-25 14:19:55,193,llama3.1,score,0.8788,7.7791,2.6547
2026-01-25 14:20:07,499,llama3.1,generate,12.2601,9.8700,2.6547
2026-01-25 14:20:08,453,llama3.1,score,0.8964,7.7791,2.6547
2026-01-25 14:20:09,383,llama3.1,score,0.8973,7.7791,2.6547
2026-01-25 14:20:19,574,llama3.1,generate,10.1604,10.6611,2.6547
2026-01-25 14:20:20,510,llama3.1,score,0.8691,7.7791,2.6547
2026-01-25 14:20:21,408,llama3.1,score,0.8687,7.7791,2.6547
2026-01-25 14:20:31,799,llama3.1,generate,10.3610,10.8919,2.6547
2026-01-25 14:20:32,775,llama3.1,score,0.8992,7.7791,2.6547
2026-01-25 14:20:33,708,llama3.1,score,0.9021,7.7791,2.6547
2026-01-25 14:20:47,947,llama3.1,generate,14.2037,12.1795,2.6547
2026-01-25 14:20:52,759,llama3.1,score,0.9063,7.7791,2.6547
2026-01-25 14:20:53,665,llama3.1,score,0.8682,7.7791,2.6547
2026-01-25 14:21:04,103,llama3.1,generate,10.4159,11.2640,2.6547
2026-01-25 14:21:05,078,llama3.1,score,0.8894,7.7791,2.6547
2026-01-25 14:21:06,016,llama3.1,score,0.8910,7.7791,2.6547
2026-01-25 14:21:22,640,llama3.1,generate,16.5771,10.5405,2.6547
2026-01-25 14:21:23,594,llama3.1,score,0.8880,7.7791,2.6547
2026-01-25 14:21:24,513,llama3.1,score,0.8880,7.7791,2.6547
2026-01-25 14:21:35,262,llama3.1,generate,10.7183,11.9294,2.6547
2026-01-25 14:21:36,229,llama3.1,score,0.8881,7.7791,2.6547
2026-01-25 14:21:37,154,llama3.1,score,0.8897,7.7791,2.6547
2026-01-25 14:21:48,796,llama3.1,generate,11.6193,10.8699,2.6547
2026-01-25 14:21:49,764,llama3.1,score,0.8865,7.7791,2.6547
2026-01-25 14:21:50,678,llama3.1,score,0.8888,7.7791,2.6547
2026-01-25 14:21:58,538,llama3.1,generate,7.8226,9.4854,2.6547
2026-01-25 14:21:59,478,llama3.1,score,0.8758,7.7791,2.6547
2026-01-25 14:22:00,393,llama3.1,score,0.8762,7.7791,2.6547
2026-01-25 14:22:09,190,llama3.1,generate,8.7743,9.5208,2.6547
2026-01-25 14:22:10,147,llama3.1,score,0.8883,7.7791,2.6547
2026-01-25 14:22:11,074,llama3.1,score,0.8881,7.7791,2.6547
2026-01-25 14:22:21,273,llama3.1,generate,10.1501,9.6553,2.6547
2026-01-25 14:22:22,215,llama3.1,score,0.8916,7.7791,2.6547
2026-01-25 14:22:23,145,llama3.1,score,0.8913,7.7791,2.6547
2026-01-25 14:22:35,113,llama3.1,generate,11.9313,9.6966,2.6547
2026-01-25 14:22:36,049,llama3.1,score,0.8822,7.7791,2.6547
2026-01-25 14:22:36,962,llama3.1,score,0.8832,7.7791,2.6547
2026-01-25 14:22:45,123,llama3.1,generate,8.1247,8.5357,2.6547
2026-01-25 14:22:46,040,llama3.1,score,0.8879,7.7791,2.6547
2026-01-25 14:22:49,580,llama3.1,score,3.4997,7.7791,2.6547
2026-01-25 14:22:57,644,llama3.1,generate,8.0240,8.0553,2.6547
2026-01-25 14:23:02,718,llama3.1,score,0.8861,7.7791,2.6547
2026-01-25 14:23:03,614,llama3.1,score,0.8735,7.7791,2.6547
2026-01-25 14:25:20,055,llama3.1,generate,136.4033,13.0361,2.6547
2026-01-25 14:25:21,048,llama3.1,score,0.8880,7.7791,2.6547
2026-01-25 14:25:21,968,llama3.1,score,0.8885,7.7791,2.6547
2026-01-25 14:25:34,776,llama3.1,generate,12.7699,10.5183,2.6547
2026-01-25 14:25:35,748,llama3.1,score,0.8979,7.7791,2.6547
2026-01-25 14:25:36,669,llama3.1,score,0.8985,7.7791,2.6547
2026-01-25 14:25:49,840,llama3.1,generate,13.1419,10.8009,2.6547
2026-01-25 14:25:50,790,llama3.1,score,0.8735,7.7791,2.6547
2026-01-25 14:25:51,701,llama3.1,score,0.8738,7.7791,2.6547
2026-01-25 14:25:58,759,llama3.1,generate,7.0198,9.0206,2.6547
2026-01-25 14:25:59,686,llama3.1,score,0.8850,7.7791,2.6547
2026-01-25 14:26:00,609,llama3.1,score,0.8856,7.7791,2.6547
2026-01-25 14:26:13,657,llama3.1,generate,13.0080,9.0078,2.6547
2026-01-25 14:26:14,578,llama3.1,score,0.8790,7.7791,2.6547
2026-01-25 14:26:15,487,llama3.1,score,0.8793,7.7791,2.6547
2026-01-25 14:26:28,642,llama3.1,generate,13.1331,10.1511,2.6547
2026-01-25 14:26:29,593,llama3.1,score,0.8887,7.7791,2.6547
2026-01-25 14:26:30,504,llama3.1,score,0.8885,7.7791,2.6547
2026-01-25 14:26:41,317,llama3.1,generate,10.7849,8.9680,2.6547
2026-01-25 14:26:42,258,llama3.1,score,0.8832,7.7791,2.6547
2026-01-25 14:26:43,182,llama3.1,score,0.8849,7.7791,2.6547
2026-01-25 14:26:50,194,llama3.1,generate,6.9848,8.4835,2.6547
2026-01-25 14:26:51,118,llama3.1,score,0.8694,7.7791,2.6547
2026-01-25 14:26:52,017,llama3.1,score,0.8703,7.7791,2.6547
2026-01-25 14:26:59,170,llama3.1,generate,7.1163,8.3748,2.6547
2026-01-25 14:27:00,101,llama3.1,score,0.8851,7.7791,2.6547
2026-01-25 14:27:01,018,llama3.1,score,0.8827,7.7791,2.6547
2026-01-25 14:27:06,471,llama3.1,generate,5.4139,8.3341,2.6547
2026-01-25 14:27:13,391,llama3.1,score,0.9081,7.7791,2.6547
2026-01-25 14:27:14,315,llama3.1,score,0.8933,7.7791,2.6547
2026-01-25 14:27:25,422,llama3.1,generate,11.0706,11.1346,2.6547
2026-01-25 14:27:26,377,llama3.1,score,0.8665,7.7791,2.6547
2026-01-25 14:27:27,276,llama3.1,score,0.8679,7.7791,2.6547
2026-01-25 14:27:42,644,llama3.1,generate,15.3370,10.7846,2.6547
2026-01-25 14:27:43,612,llama3.1,score,0.9000,7.7791,2.6547
2026-01-25 14:27:44,543,llama3.1,score,0.9001,7.7791,2.6547
2026-01-25 14:27:55,352,llama3.1,generate,10.7634,12.4907,2.6547
2026-01-25 14:27:56,324,llama3.1,score,0.8806,7.7791,2.6547
2026-01-25 14:27:57,220,llama3.1,score,0.8745,7.7791,2.6547
2026-01-25 14:28:10,185,llama3.1,generate,12.9398,9.9812,2.6547
2026-01-25 14:28:11,140,llama3.1,score,0.8877,7.7791,2.6547
2026-01-25 14:28:12,055,llama3.1,score,0.8919,7.7791,2.6547
2026-01-25 14:28:24,174,llama3.1,generate,12.0882,9.7657,2.6547
2026-01-25 14:28:25,102,llama3.1,score,0.8743,7.7791,2.6547
2026-01-25 14:28:26,012,llama3.1,score,0.8744,7.7791,2.6547
2026-01-25 14:28:37,122,llama3.1,generate,11.0711,9.1705,2.6547
2026-01-25 14:28:38,104,llama3.1,score,0.9293,7.7791,2.6547
2026-01-25 14:28:39,078,llama3.1,score,0.9438,7.7791,2.6547
2026-01-25 14:28:50,555,llama3.1,generate,11.4528,9.3910,2.6547
2026-01-25 14:28:51,544,llama3.1,score,0.9361,7.7791,2.6547
2026-01-25 14:28:52,511,llama3.1,score,0.9372,7.7791,2.6547
2026-01-25 14:28:58,878,llama3.1,generate,6.3363,7.8048,2.6547
2026-01-25 14:28:59,773,llama3.1,score,0.8701,7.7791,2.6547
2026-01-25 14:29:00,684,llama3.1,score,0.8719,7.7791,2.6547
2026-01-25 14:29:08,726,llama3.1,generate,8.0181,8.6502,2.6547
2026-01-25 14:29:09,645,llama3.1,score,0.8848,7.7791,2.6547
2026-01-25 14:29:10,576,llama3.1,score,0.8849,7.7791,2.6547
2026-01-25 14:29:20,536,llama3.1,generate,9.9318,8.6324,2.6547
2026-01-25 14:29:25,390,llama3.1,score,0.9239,7.7791,2.6547
2026-01-25 14:29:26,316,llama3.1,score,0.8955,7.7791,2.6547
2026-01-25 14:29:36,928,llama3.1,generate,10.5803,11.3663,2.6547
2026-01-25 14:29:37,869,llama3.1,score,0.8679,7.7791,2.6547
2026-01-25 14:29:38,766,llama3.1,score,0.8685,7.7791,2.6547
2026-01-25 14:29:55,478,llama3.1,generate,16.6659,11.8234,2.6547
2026-01-25 14:29:56,475,llama3.1,score,0.8977,7.7791,2.6547
2026-01-25 14:29:57,413,llama3.1,score,0.8994,7.7791,2.6547
2026-01-25 14:30:08,434,llama3.1,generate,10.9893,10.6282,2.6547
2026-01-25 14:30:09,382,llama3.1,score,0.8729,7.7791,2.6547
2026-01-25 14:30:10,281,llama3.1,score,0.8753,7.7791,2.6547
2026-01-25 14:30:22,310,llama3.1,generate,12.0081,9.2187,2.6547
2026-01-25 14:30:25,754,llama3.1,score,3.3846,7.7791,2.6547
2026-01-25 14:30:26,695,llama3.1,score,0.8928,7.7791,2.6547
2026-01-25 14:30:35,342,llama3.1,generate,8.6185,10.1654,2.6547
2026-01-25 14:30:36,287,llama3.1,score,0.8735,7.7791,2.6547
2026-01-25 14:30:37,185,llama3.1,score,0.8740,7.7791,2.6547
2026-01-25 14:30:44,797,llama3.1,generate,7.5824,9.4625,2.6547
2026-01-25 14:30:45,732,llama3.1,score,0.8738,7.7791,2.6547
2026-01-25 14:30:46,632,llama3.1,score,0.8755,7.7791,2.6547
2026-01-25 14:30:53,302,llama3.1,generate,6.6291,8.2091,2.6547
2026-01-25 14:30:54,235,llama3.1,score,0.8894,7.7791,2.6547
2026-01-25 14:30:57,767,llama3.1,score,3.4952,7.7791,2.6547
2026-01-25 14:31:05,678,llama3.1,generate,7.8829,8.3896,2.6547
2026-01-25 14:31:06,614,llama3.1,score,0.8838,7.7791,2.6547
2026-01-25 14:31:07,524,llama3.1,score,0.8841,7.7791,2.6547
2026-01-25 14:31:14,608,llama3.1,generate,7.0450,8.9498,2.6547
2026-01-25 14:31:15,522,llama3.1,score,0.8645,7.7791,2.6547
2026-01-25 14:31:16,437,llama3.1,score,0.8848,7.7791,2.6547
2026-01-25 14:31:24,584,llama3.1,generate,8.1207,7.5627,2.6547
2026-01-25 14:32:03,446,gemma2,score,38.3189,10.9648,4.1960
2026-01-25 14:32:04,873,gemma2,score,1.3424,10.9648,4.1960
2026-01-25 14:36:18,509,gemma2,generate,253.5517,14.2145,4.1978
2026-01-25 14:36:20,086,gemma2,score,1.3394,10.9648,4.1978
2026-01-25 14:36:24,089,gemma2,score,3.9228,10.9648,4.1978
2026-01-25 14:36:33,891,gemma2,generate,9.7009,9.6128,4.1978
2026-01-25 14:36:35,275,gemma2,score,1.3253,10.9648,4.1978
2026-01-25 14:36:36,666,gemma2,score,1.3243,10.9648,4.1978
2026-01-25 14:40:25,111,gemma2,generate,228.3540,12.1514,4.1990
2026-01-25 14:40:25,883,gemma2,score,0.6796,8.7723,4.1990
2026-01-25 14:40:26,609,gemma2,score,0.6751,8.7311,4.1990
2026-01-25 14:40:35,419,gemma2,generate,8.7600,7.9376,4.1990
2026-01-25 14:40:36,157,gemma2,score,0.7114,8.9241,4.1990
2026-01-25 14:40:36,960,gemma2,score,0.7689,9.0199,4.1990
2026-01-25 14:40:47,608,gemma2,generate,10.6017,8.0783,4.1990
2026-01-25 14:40:48,656,gemma2,score,1.0030,10.0977,4.1990
2026-01-25 14:40:49,749,gemma2,score,1.0244,10.1698,4.1990
2026-01-25 14:41:01,878,gemma2,generate,12.0600,8.8714,4.1990
2026-01-25 14:41:02,573,gemma2,score,0.6372,8.5364,4.1990
2026-01-25 14:41:03,217,gemma2,score,0.6028,8.3443,4.1990
2026-01-25 14:41:12,077,gemma2,generate,8.8247,7.7350,4.1990
2026-01-25 14:41:12,966,gemma2,score,0.8633,9.4971,4.1990
2026-01-25 14:41:13,903,gemma2,score,0.8688,9.5559,4.1990
2026-01-25 14:41:26,997,gemma2,generate,13.0343,8.4536,4.1990
2026-01-25 14:41:28,040,gemma2,score,1.0001,10.2858,4.1990
2026-01-25 14:41:29,128,gemma2,score,1.0294,10.4133,4.1990
2026-01-25 14:41:54,124,gemma2,generate,24.9144,9.0227,4.1990
2026-01-25 14:41:55,093,gemma2,score,0.8988,9.7852,4.1990
2026-01-25 14:41:56,033,gemma2,score,0.8711,9.6277,4.1990
2026-01-25 14:42:06,108,gemma2,generate,10.0240,8.5800,4.1990
2026-01-25 14:42:10,052,gemma2,score,1.3816,10.9648,4.1990
2026-01-25 14:42:11,476,gemma2,score,1.3468,10.9648,4.1990
2026-01-25 14:47:37,297,gemma2,generate,325.7247,20.7306,4.1990
2026-01-25 14:48:02,343,gemma2,score,18.8519,10.9642,2.3663
2026-01-25 14:48:03,719,gemma2,score,1.3018,10.9642,2.3663
2026-01-25 14:53:56,962,gemma2,score,22.9542,10.9642,3.1322
2026-01-25 14:53:58,413,gemma2,score,1.3467,10.9642,3.1361
2026-01-25 14:59:24,545,gemma2,generate,326.0464,20.7291,3.1591
2026-01-25 14:59:48,538,gemma2,score,19.9657,10.9642,4.2171
2026-01-25 14:59:49,995,gemma2,score,1.3652,10.9642,4.2223
2026-01-25 15:05:16,285,gemma2,generate,326.1964,20.7291,4.2814
2026-01-25 15:05:36,882,gemma2,score,16.6373,10.9642,3.1799
2026-01-25 15:05:38,348,gemma2,score,1.3541,10.9642,3.1799
2026-01-25 15:11:04,006,gemma2,generate,325.5739,20.7291,3.2469
2026-01-25 15:11:29,381,gemma2,score,18.8144,10.9642,3.2663
2026-01-25 15:11:30,831,gemma2,score,1.3406,10.9642,3.2663
2026-01-25 15:16:56,069,gemma2,generate,325.1547,20.7291,3.3261
2026-01-25 15:17:19,264,gemma2,score,19.3750,10.9642,4.2598
2026-01-25 15:17:20,695,gemma2,score,1.3288,10.9642,4.2598
2026-01-25 15:18:31,807,gemma2,generate,71.0101,16.1092,4.3182
2026-01-25 15:18:33,773,gemma2,score,1.3716,10.9642,4.3182
2026-01-25 15:18:35,233,gemma2,score,1.3729,10.9642,4.3182
2026-01-25 15:24:01,055,gemma2,generate,325.7092,19.8395,4.3200
2026-01-25 15:24:22,963,gemma2,score,15.6798,10.9642,3.1930
2026-01-25 15:24:24,420,gemma2,score,1.3495,10.9642,3.1930
2026-01-25 15:26:41,056,gemma2,generate,136.5091,19.9192,3.2874
2026-01-25 15:26:43,688,gemma2,score,1.4022,10.9642,3.2874
2026-01-25 15:26:45,201,gemma2,score,1.3814,10.9642,3.2874
2026-01-25 15:32:10,823,gemma2,generate,325.5355,20.7291,3.2876
2026-01-25 15:32:32,529,gemma2,score,15.0556,10.9642,3.2512
2026-01-25 15:32:33,996,gemma2,score,1.3308,10.9642,3.2512
2026-01-25 15:37:59,775,gemma2,generate,325.6627,20.8075,3.3651
2026-01-25 15:38:21,009,gemma2,score,17.5303,10.9642,3.1116
2026-01-25 15:38:22,489,gemma2,score,1.3457,10.9642,3.1116
2026-01-25 15:43:47,364,gemma2,generate,324.7436,17.9154,3.2088
2026-01-25 15:44:01,714,gemma2,score,11.1596,10.9642,2.3175
2026-01-25 15:44:03,196,gemma2,score,1.3611,10.9642,2.3175
2026-01-25 15:49:28,061,gemma2,generate,324.7423,20.7291,2.4714
2026-01-25 15:49:49,293,gemma2,score,15.0590,10.9642,4.0328
2026-01-25 15:49:50,762,gemma2,score,1.3339,10.9642,4.0328
2026-01-25 15:55:15,520,gemma2,generate,324.6403,18.9709,4.1478
2026-01-25 15:55:35,018,gemma2,score,15.8457,10.9642,3.1659
2026-01-25 15:55:36,558,gemma2,score,1.3482,10.9642,3.1659
2026-01-25 16:01:01,564,gemma2,generate,324.8711,15.3418,3.3380
2026-01-25 16:01:16,304,gemma2,score,11.5283,10.9642,3.2062
2026-01-25 16:01:17,800,gemma2,score,1.3417,10.9642,3.2081
2026-01-25 16:02:07,747,gemma2,generate,49.7855,15.4699,3.3471
2026-01-25 16:02:09,995,gemma2,score,1.3522,10.9642,3.3471
2026-01-25 16:02:11,521,gemma2,score,1.3545,10.9642,3.3471
2026-01-25 16:06:40,130,gemma2,generate,268.4366,15.4118,3.3554
2026-01-25 16:06:42,357,gemma2,score,1.3491,10.9642,3.3559
2026-01-25 16:06:43,850,gemma2,score,1.3518,10.9642,3.3559
2026-01-25 16:07:49,393,gemma2,generate,65.4041,15.8360,3.3564
2026-01-25 16:07:51,831,gemma2,score,1.3737,10.9642,3.3564
2026-01-25 16:07:53,362,gemma2,score,1.3779,10.9642,3.3564
2026-01-25 16:09:10,216,gemma2,generate,76.6776,12.7897,3.3587
2026-01-25 16:09:11,934,gemma2,score,1.4210,10.9642,3.3587
2026-01-25 16:09:13,616,gemma2,score,1.4962,10.9642,3.3587
2026-01-25 16:13:14,039,gemma2,generate,240.2404,12.0419,3.3652
2026-01-25 16:13:22,449,gemma2,score,1.4016,10.9642,3.3671
2026-01-25 16:13:24,011,gemma2,score,1.3632,10.9642,3.3671
2026-01-25 16:18:48,545,gemma2,generate,324.3550,20.7291,3.3766
2026-01-25 16:19:06,691,gemma2,score,14.4379,10.9642,3.2554
2026-01-25 16:19:08,379,gemma2,score,1.4804,10.9642,3.2554
2026-01-25 16:22:05,366,gemma2,generate,176.7843,18.1119,3.3446
2026-01-25 16:22:09,134,gemma2,score,1.3520,10.9642,3.3446
2026-01-25 16:22:10,703,gemma2,score,1.3765,10.9642,3.3446
2026-01-25 16:25:36,225,gemma2,generate,205.2644,18.7344,3.3476
2026-01-25 16:25:40,445,gemma2,score,1.3896,10.9642,3.3479
2026-01-25 16:25:41,976,gemma2,score,1.3428,10.9642,3.3479
2026-01-25 16:29:37,610,gemma2,generate,235.4578,13.9237,3.3522
2026-01-25 16:29:39,676,gemma2,score,1.4512,10.9642,3.3522
2026-01-25 16:29:41,299,gemma2,score,1.3920,10.9642,3.3522
2026-01-25 16:29:50,314,gemma2,generate,8.7692,13.8754,3.3524
2026-01-25 16:29:52,601,gemma2,score,1.5611,10.9642,3.3524
2026-01-25 16:29:54,317,gemma2,score,1.5036,10.9642,3.3529
2026-01-25 16:33:01,370,gemma2,generate,186.7227,17.2516,3.3563
2026-01-25 16:33:04,941,gemma2,score,1.6223,10.9642,3.3568
2026-01-25 16:33:06,832,gemma2,score,1.6645,10.9642,3.3568
2026-01-25 16:36:47,515,gemma2,generate,220.3512,14.2910,3.3600
2026-01-25 16:36:49,855,gemma2,score,1.3559,10.9642,3.3600
2026-01-25 16:36:51,870,gemma2,score,1.7143,10.9642,3.3600
2026-01-25 16:37:13,102,gemma2,generate,20.9313,12.7906,3.3622
2026-01-25 16:37:15,467,gemma2,score,1.7048,10.9642,3.3622
2026-01-25 16:37:17,171,gemma2,score,1.4300,10.9642,3.3622
2026-01-25 16:40:49,904,gemma2,generate,212.3935,12.8279,3.3637
2026-01-25 16:40:54,654,gemma2,score,3.9107,10.9642,3.3637
2026-01-25 16:40:56,541,gemma2,score,1.4694,10.9642,3.3637
2026-01-25 16:44:31,633,gemma2,generate,214.7872,12.6458,3.3667
2026-01-25 16:44:37,099,gemma2,score,1.5894,10.9642,3.3667
2026-01-25 16:44:42,032,gemma2,score,2.1714,10.9642,3.3667
2026-01-25 16:50:06,529,gemma2,generate,324.1485,20.4571,3.3692
2026-01-25 16:50:27,592,gemma2,score,15.6967,10.9642,3.7267
2026-01-25 16:50:29,611,gemma2,score,1.5812,10.9642,3.7332
2026-01-25 16:54:08,951,gemma2,generate,218.9498,18.9334,3.8943
2026-01-25 16:54:17,873,gemma2,score,2.8748,10.9642,3.9002
2026-01-25 16:54:24,952,gemma2,score,6.3372,10.9642,3.9002
2026-01-25 16:59:48,875,gemma2,generate,323.4725,20.7291,3.9083
2026-01-25 17:00:09,632,gemma2,score,14.6182,10.9642,4.0445
2026-01-25 17:00:12,098,gemma2,score,2.1796,10.9642,4.0445
2026-01-25 17:02:00,639,gemma2,generate,108.1961,16.7427,4.1019
2026-01-25 17:02:06,329,gemma2,score,2.1799,10.9642,4.1038
2026-01-25 17:02:09,033,gemma2,score,2.3291,10.9642,4.1058
2026-01-25 17:03:18,185,gemma2,generate,68.8047,16.0725,4.1099
2026-01-25 17:03:23,367,gemma2,score,2.3322,10.9642,4.1099
2026-01-25 17:03:26,921,gemma2,score,3.0344,10.9642,4.1099
2026-01-25 17:06:37,158,gemma2,generate,189.6000,14.6696,4.1116
2026-01-25 17:06:42,826,gemma2,score,2.7037,10.9642,4.1116
2026-01-25 17:06:48,404,gemma2,score,5.2175,10.9642,4.1116
2026-01-25 17:08:19,516,gemma2,generate,90.5850,15.3478,4.1128
2026-01-25 17:08:31,371,gemma2,score,5.9686,10.9642,4.1128
2026-01-25 17:08:38,345,gemma2,score,6.1928,10.9642,4.1128
2026-01-25 17:12:27,810,gemma2,generate,228.7989,11.3673,4.1237
2026-01-25 17:12:32,290,gemma2,score,3.6944,10.9642,4.1237
2026-01-25 17:12:36,430,gemma2,score,3.6334,10.9642,4.1237
2026-01-25 17:13:03,475,gemma2,generate,26.1836,13.0441,4.1237
2026-01-25 17:13:16,041,gemma2,score,11.3564,10.9642,4.1237
2026-01-25 17:13:24,821,gemma2,score,8.2301,10.9642,4.1237
2026-01-25 17:15:40,915,gemma2,generate,135.2975,13.1435,4.1237
2026-01-25 17:15:53,147,gemma2,score,5.4858,10.9642,4.1237
2026-01-25 17:16:06,421,gemma2,score,9.4551,10.9642,4.1237
2026-01-25 17:21:00,670,gemma2,generate,293.5523,21.5527,4.1251
2026-01-25 17:21:12,270,gemma2,score,5.4935,10.9642,4.1251
2026-01-25 17:21:19,963,gemma2,score,6.5663,10.9642,4.1251
2026-01-25 17:26:43,202,gemma2,generate,321.6037,20.7291,4.1283
2026-01-25 17:27:20,550,gemma2,score,30.3889,10.9642,3.1057
2026-01-25 17:27:37,104,gemma2,score,14.7008,10.9642,3.1057
2026-01-25 17:33:00,874,gemma2,generate,322.6081,18.3978,3.2087
2026-01-25 17:33:32,665,gemma2,score,25.4586,10.9642,3.0934
2026-01-25 17:33:47,589,gemma2,score,13.2063,10.9642,3.0936
2026-01-25 17:35:01,534,gemma2,generate,72.2623,14.3911,3.1506
2026-01-25 17:35:18,808,gemma2,score,14.0597,10.9642,3.1525
2026-01-25 17:35:32,192,gemma2,score,11.5932,10.9642,3.1530
2026-01-25 17:37:31,614,gemma2,generate,118.2697,17.1589,3.1584
2026-01-25 17:37:54,157,gemma2,score,17.5953,10.9642,3.1584
2026-01-25 17:38:10,866,gemma2,score,14.9647,10.9642,3.1597
2026-01-25 17:39:25,037,gemma2,generate,72.7694,15.3978,3.1617
2026-01-25 17:39:43,699,gemma2,score,14.2622,10.9642,3.1617
2026-01-25 17:39:56,409,gemma2,score,11.0613,10.9642,3.1617
2026-01-25 17:43:50,997,gemma2,generate,232.9774,12.2103,3.1658
2026-01-25 17:44:08,812,gemma2,score,13.1035,10.9642,3.1660
2026-01-25 17:44:22,725,gemma2,score,12.1298,10.9642,3.1660
2026-01-25 17:48:02,980,gemma2,generate,218.4491,12.6118,3.1703
2026-01-25 17:48:21,239,gemma2,score,15.5667,10.9642,3.1703
2026-01-25 17:48:35,894,gemma2,score,12.7928,10.9642,3.1703
2026-01-25 17:52:38,716,gemma2,generate,241.0301,14.1837,3.1740
2026-01-25 17:52:56,402,gemma2,score,14.2650,10.9642,3.1740
2026-01-25 17:53:13,500,gemma2,score,15.2891,10.9642,3.1740
2026-01-25 17:57:14,501,gemma2,generate,239.2089,10.9770,3.1777
2026-01-25 17:58:07,833,qwen-coder,score,50.6342,7.7247,3.1997
2026-01-25 17:58:17,021,qwen-coder,generate,8.8370,8.6516,3.1997
2026-01-25 17:58:20,037,qwen-coder,score,2.2316,7.6229,3.1997
2026-01-25 17:58:27,216,qwen-coder,generate,6.9115,6.7517,3.2002
2026-01-25 17:58:29,610,qwen-coder,score,2.3773,7.7247,3.2002
2026-01-25 17:58:34,805,qwen-coder,generate,4.8520,7.8330,3.2002
2026-01-25 17:58:35,304,qwen-coder,score,0.4751,6.5584,3.2002
2026-01-25 17:58:38,797,qwen-coder,generate,3.4784,6.1533,3.2002
2026-01-25 17:58:39,310,qwen-coder,score,0.4979,6.6525,3.2002
2026-01-25 17:58:42,704,qwen-coder,generate,3.3793,6.1841,3.2002
2026-01-25 17:58:43,383,qwen-coder,score,0.6631,7.1897,3.2002
2026-01-25 17:58:46,717,qwen-coder,generate,3.3186,6.4712,3.2002
2026-01-25 17:58:47,129,qwen-coder,score,0.3968,6.3637,3.2002
2026-01-25 17:58:49,725,qwen-coder,generate,2.5813,6.0761,3.2002
2026-01-25 17:58:50,309,qwen-coder,score,0.5694,6.9208,3.2002
2026-01-25 17:58:53,400,qwen-coder,generate,3.0761,6.3113,3.2002
2026-01-25 17:58:54,113,qwen-coder,score,0.6976,7.2987,3.2021
2026-01-25 17:59:00,707,qwen-coder,generate,6.5772,6.5331,3.2021
2026-01-25 17:59:01,316,qwen-coder,score,0.5935,6.9478,3.2021
2026-01-25 17:59:04,679,qwen-coder,generate,3.3485,6.3463,3.2021
2026-01-25 17:59:09,881,qwen-coder,score,2.7213,7.7247,3.2021
2026-01-25 18:01:29,125,qwen-coder,generate,138.9093,11.3652,3.2053
2026-01-25 18:01:33,709,qwen-coder,score,2.9135,7.7247,3.2053
2026-01-25 18:03:48,105,qwen-coder,generate,133.9948,11.3652,3.2076
2026-01-25 18:03:53,810,qwen-coder,score,2.8389,7.7247,3.2076
2026-01-25 18:06:05,100,qwen-coder,generate,130.9340,11.3652,3.2076
2026-01-25 18:06:09,866,qwen-coder,score,3.1608,7.7247,3.2076
2026-01-25 18:08:20,661,qwen-coder,generate,130.4143,11.3652,3.2076
2026-01-25 18:08:25,083,qwen-coder,score,2.7825,7.7247,3.2076
2026-01-25 18:10:37,742,qwen-coder,generate,132.3072,11.3652,3.2076
2026-01-25 18:10:42,273,qwen-coder,score,2.8981,7.7247,3.2095
2026-01-25 18:12:31,097,qwen-coder,generate,108.4717,11.3652,3.2134
2026-01-25 18:12:37,042,qwen-coder,score,4.2126,7.7247,3.2134
2026-01-25 18:12:48,833,qwen-coder,generate,11.3742,9.2769,3.2134
2026-01-25 18:12:52,359,qwen-coder,score,2.8189,7.7247,3.2134
2026-01-25 18:13:10,508,qwen-coder,generate,17.7688,10.2343,3.2134
2026-01-25 18:13:14,912,qwen-coder,score,3.3360,7.7247,3.2134
2026-01-25 18:13:34,425,qwen-coder,generate,19.1312,10.2875,3.2134
2026-01-25 18:13:38,729,qwen-coder,score,2.6692,7.7247,3.2134
2026-01-25 18:15:56,881,qwen-coder,generate,137.7659,11.3652,3.2134
2026-01-25 18:16:05,211,qwen-coder,score,2.7374,7.7247,3.2134
2026-01-25 18:16:26,508,qwen-coder,generate,20.9054,10.7327,3.2134
2026-01-25 18:16:31,472,qwen-coder,score,3.0472,7.7247,3.2134
2026-01-25 18:16:48,656,qwen-coder,generate,16.7983,9.8990,3.2134
2026-01-25 18:16:52,878,qwen-coder,score,2.7867,7.7247,3.2134
2026-01-25 18:19:07,883,qwen-coder,generate,134.6181,11.3652,3.2134
2026-01-25 18:19:12,552,qwen-coder,score,2.9643,7.7247,3.2134
2026-01-25 18:19:31,418,qwen-coder,generate,18.4751,10.2513,3.2134
2026-01-25 18:19:35,586,qwen-coder,score,3.0524,7.7247,3.2134
2026-01-25 18:19:45,806,qwen-coder,generate,9.7896,9.1286,3.2135
2026-01-25 18:19:49,263,qwen-coder,score,2.7391,7.7247,3.2135
2026-01-25 18:20:02,862,qwen-coder,generate,13.2245,9.1733,3.2135
2026-01-25 18:20:06,278,qwen-coder,score,2.7433,7.7247,3.2135
2026-01-25 18:20:16,392,qwen-coder,generate,9.7461,9.1391,3.2135
2026-01-25 18:20:19,836,qwen-coder,score,2.7690,7.7247,3.2135
2026-01-25 18:20:33,715,qwen-coder,generate,13.5051,9.1624,3.2135
2026-01-25 18:20:37,595,qwen-coder,score,3.2017,7.7247,3.2135
2026-01-25 18:20:45,407,qwen-coder,generate,7.4553,8.0453,3.2135
2026-01-25 18:20:48,893,qwen-coder,score,2.9441,7.7247,3.2135
2026-01-25 18:20:54,790,qwen-coder,generate,5.5225,7.7634,3.2135
2026-01-25 18:21:04,549,qwen-coder,score,3.0551,7.7247,3.2135
2026-01-25 18:23:20,626,qwen-coder,generate,135.6859,11.3652,3.2135
2026-01-25 18:23:25,636,qwen-coder,score,3.1981,7.7247,3.2135
2026-01-25 18:23:45,134,qwen-coder,generate,19.0766,9.9202,3.2135
2026-01-25 18:23:49,380,qwen-coder,score,2.8270,7.7247,3.2135
2026-01-25 18:24:05,664,qwen-coder,generate,15.8903,10.1377,3.2135
2026-01-25 18:24:09,946,qwen-coder,score,2.7315,7.7247,3.2135
2026-01-25 18:24:19,825,qwen-coder,generate,9.4893,8.5192,3.2135
2026-01-25 18:24:23,101,qwen-coder,score,2.8231,7.7247,3.2135
2026-01-25 18:24:31,245,qwen-coder,generate,7.7671,8.4976,3.2135
2026-01-25 18:24:34,206,qwen-coder,score,2.5335,7.7247,3.2135
2026-01-25 18:24:50,994,qwen-coder,generate,16.4177,9.5978,3.2135
2026-01-25 18:24:54,834,qwen-coder,score,2.9734,7.7247,3.2135
2026-01-25 18:25:05,630,qwen-coder,generate,10.3904,8.5948,3.2135
2026-01-25 18:25:09,065,qwen-coder,score,2.9721,7.7247,3.2135
2026-01-25 18:25:14,646,qwen-coder,generate,5.1968,8.0339,3.2135
2026-01-25 18:25:19,891,qwen-coder,score,4.9732,7.7247,3.2135
2026-01-25 18:25:25,084,qwen-coder,generate,4.8336,8.0293,3.2135
2026-01-25 18:25:28,332,qwen-coder,score,2.9783,7.7247,3.2135
2026-01-25 18:25:35,550,qwen-coder,generate,6.8256,8.0189,3.2135
2026-01-25 18:25:41,543,qwen-coder,score,2.5864,7.7247,3.2135
2026-01-25 18:26:01,701,qwen-coder,generate,19.7865,10.6272,3.2135
2026-01-25 18:26:06,228,qwen-coder,score,2.7449,7.7247,3.2135
2026-01-25 18:26:24,519,qwen-coder,generate,17.9004,10.1663,3.2135
2026-01-25 18:26:29,166,qwen-coder,score,3.0883,7.7247,3.2135
2026-01-25 18:28:51,853,qwen-coder,generate,142.2711,11.3652,3.2135
2026-01-25 18:28:57,661,qwen-coder,score,3.8680,7.7247,3.2135
2026-01-25 18:29:15,515,qwen-coder,generate,17.3846,9.4064,3.2135
2026-01-25 18:29:20,152,qwen-coder,score,3.3940,7.7247,3.2135
2026-01-25 18:29:35,295,qwen-coder,generate,14.7348,9.2566,3.2135
2026-01-25 18:29:39,260,qwen-coder,score,3.1906,7.7247,3.2135
2026-01-25 18:29:51,279,qwen-coder,generate,11.6304,8.7651,3.2135
2026-01-25 18:29:57,247,qwen-coder,score,5.3588,7.7247,3.2135
2026-01-25 18:30:13,305,qwen-coder,generate,15.5613,8.9382,3.2135
2026-01-25 18:30:17,336,qwen-coder,score,3.3633,7.7247,3.2135
2026-01-25 18:30:22,702,qwen-coder,generate,4.9439,7.4542,3.2135
2026-01-25 18:30:25,750,qwen-coder,score,3.0252,7.7247,3.2135
2026-01-25 18:30:37,177,qwen-coder,generate,10.9755,8.1815,3.2135
2026-01-25 18:30:40,496,qwen-coder,score,2.6735,7.7247,3.2135
2026-01-25 18:30:48,930,qwen-coder,generate,8.0174,8.2547,3.2135
2026-01-25 18:30:57,059,qwen-coder,score,3.2735,7.7247,3.2135
2026-01-25 18:31:18,920,qwen-coder,generate,21.4234,10.9352,3.2135
2026-01-25 18:31:24,935,qwen-coder,score,4.0480,7.7247,3.2135
2026-01-25 18:32:21,560,qwen-coder,generate,56.1808,11.3652,3.2135
2026-01-25 18:32:26,709,qwen-coder,score,3.2555,7.7247,3.2135
2026-01-25 18:32:43,828,qwen-coder,generate,16.7180,9.9629,3.2135
2026-01-25 18:32:48,211,qwen-coder,score,2.7370,7.7247,3.2135
2026-01-25 18:32:57,802,qwen-coder,generate,9.1263,8.7123,3.2135
2026-01-25 18:33:01,424,qwen-coder,score,3.0444,7.7247,3.2135
2026-01-25 18:33:18,060,qwen-coder,generate,16.1936,9.6005,3.2135
2026-01-25 18:33:22,536,qwen-coder,score,3.5495,7.7247,3.2135
2026-01-25 18:33:34,801,qwen-coder,generate,11.8532,9.0172,3.2135
2026-01-25 18:33:38,495,qwen-coder,score,2.9648,7.7247,3.2135
2026-01-25 18:33:46,156,qwen-coder,generate,7.2888,7.7769,3.2135
2026-01-25 18:33:49,043,qwen-coder,score,2.8617,7.7247,3.2135
2026-01-25 18:33:55,672,qwen-coder,generate,6.2121,7.9972,3.2135
2026-01-25 18:34:00,679,qwen-coder,score,4.7667,7.7247,3.2135
2026-01-25 18:34:10,261,qwen-coder,generate,9.1244,8.5422,3.2135
2026-01-25 18:34:14,233,qwen-coder,score,3.4475,7.7247,3.2135
2026-01-25 18:34:20,858,qwen-coder,generate,6.2385,7.3108,3.2135
2026-01-25 18:34:24,622,qwen-coder,score,3.4041,7.7247,3.2135
2026-01-25 18:34:28,359,qwen-coder,score,3.3047,7.7247,3.2135
2026-01-25 18:34:45,025,qwen-coder,generate,16.2434,9.6123,3.2135
2026-01-25 18:34:49,084,qwen-coder,score,3.1336,7.7247,3.2135
2026-01-25 18:34:52,845,qwen-coder,score,3.3067,7.7247,3.2135
2026-01-25 18:35:15,235,qwen-coder,generate,21.9890,10.5091,3.2135
2026-01-25 18:35:20,315,qwen-coder,score,3.1151,7.7247,3.2135
2026-01-25 18:35:23,950,qwen-coder,score,3.2299,7.7247,3.2135
2026-01-25 18:35:39,932,qwen-coder,generate,15.5291,10.2097,3.2135
2026-01-25 18:35:45,151,qwen-coder,score,3.9350,7.7247,3.2135
2026-01-25 18:35:48,569,qwen-coder,score,3.0185,7.7247,3.2135
2026-01-25 18:35:58,167,qwen-coder,generate,9.1798,8.5827,3.2135
2026-01-25 18:36:02,095,qwen-coder,score,3.4417,7.7247,3.2135
2026-01-25 18:36:05,914,qwen-coder,score,3.3751,7.7247,3.2135
2026-01-25 18:36:13,483,qwen-coder,generate,7.0892,7.2031,3.2135
2026-01-25 18:36:16,456,qwen-coder,score,2.9475,7.4115,3.2135
2026-01-25 18:36:19,267,qwen-coder,score,2.5400,7.5465,3.2135
2026-01-25 18:36:23,521,qwen-coder,generate,3.9239,6.6628,3.2135
2026-01-25 18:36:26,231,qwen-coder,score,2.6931,7.5375,3.2135
2026-01-25 18:36:28,827,qwen-coder,score,2.3035,7.5221,3.2135
2026-01-25 18:36:34,209,qwen-coder,generate,5.1017,6.6946,3.2135
2026-01-25 18:36:37,998,qwen-coder,score,3.7709,7.7247,3.2135
2026-01-25 18:36:41,356,qwen-coder,score,2.9628,7.7247,3.2135
2026-01-25 18:36:48,234,qwen-coder,generate,6.4835,7.0271,3.2135
2026-01-25 18:36:48,818,qwen-coder,score,0.5648,6.8467,3.2135
2026-01-25 18:36:49,409,qwen-coder,score,0.5762,6.8646,3.2135
2026-01-25 18:36:53,261,qwen-coder,generate,3.8363,6.2867,3.2135
2026-01-25 18:36:53,685,qwen-coder,score,0.4068,6.2665,3.2135
2026-01-25 18:36:54,100,qwen-coder,score,0.4035,6.2240,3.2135
2026-01-25 18:36:58,402,qwen-coder,generate,4.2890,5.9953,3.2135
2026-01-25 18:37:45,300,deepseek-r1,score,46.3508,7.7251,3.1294
2026-01-25 18:38:55,859,deepseek-r1,generate,70.5386,8.6476,3.1294
2026-01-25 18:38:57,305,deepseek-r1,score,0.8493,7.6236,3.1294
2026-01-25 18:39:46,858,deepseek-r1,generate,49.5349,6.7487,3.1294
2026-01-25 18:39:47,749,deepseek-r1,score,0.8684,7.7251,3.1294
2026-01-25 18:40:35,302,deepseek-r1,generate,47.5334,7.8273,3.1294
2026-01-25 18:40:35,990,deepseek-r1,score,0.5061,6.5610,3.1294
2026-01-25 18:41:45,887,deepseek-r1,generate,69.8849,6.1518,3.1294
2026-01-25 18:41:46,471,deepseek-r1,score,0.5646,6.6545,3.1294
2026-01-25 18:42:31,546,deepseek-r1,generate,45.0590,6.1812,3.1294
2026-01-25 18:42:32,264,deepseek-r1,score,0.7010,7.1891,3.1294
2026-01-25 18:43:26,463,deepseek-r1,generate,54.1816,6.4663,3.1294
2026-01-25 18:43:26,906,deepseek-r1,score,0.4261,6.3643,3.1294
2026-01-25 18:44:33,422,deepseek-r1,generate,66.5025,6.0704,3.1294
2026-01-25 18:44:34,049,deepseek-r1,score,0.6089,6.9186,3.1294
2026-01-25 18:45:13,363,deepseek-r1,generate,39.2970,6.3083,3.1294
2026-01-25 18:45:14,126,deepseek-r1,score,0.7452,7.2998,3.1294
2026-01-25 18:45:57,947,deepseek-r1,generate,43.8038,6.5295,3.1294
2026-01-25 18:45:58,599,deepseek-r1,score,0.6330,6.9460,3.1294
2026-01-25 18:46:49,098,deepseek-r1,generate,50.4825,6.3450,3.1294
2026-01-25 18:46:52,718,deepseek-r1,score,0.9385,7.7251,3.1294
2026-01-25 18:49:15,765,deepseek-r1,generate,143.0258,11.3651,3.1294
2026-01-25 18:49:19,413,deepseek-r1,score,0.9142,7.7251,3.1294
2026-01-25 18:52:00,589,deepseek-r1,generate,161.1541,11.3651,3.1294
2026-01-25 18:52:04,241,deepseek-r1,score,0.9594,7.7251,3.1294
2026-01-25 18:54:35,037,deepseek-r1,generate,150.7736,11.3651,3.1294
2026-01-25 18:54:38,714,deepseek-r1,score,0.9483,7.7251,3.1294
2026-01-25 18:57:12,663,deepseek-r1,generate,153.9279,11.3651,3.1294
2026-01-25 18:57:16,409,deepseek-r1,score,0.9173,7.7251,3.1294
2026-01-25 18:59:46,649,deepseek-r1,generate,150.2199,11.3651,3.1294
2026-01-25 18:59:50,376,deepseek-r1,score,0.9338,7.7251,3.1294
2026-01-25 19:02:25,223,deepseek-r1,generate,154.8266,11.3651,3.1294
2026-01-25 19:02:28,865,deepseek-r1,score,0.9251,7.7251,3.1294
2026-01-25 19:04:36,881,deepseek-r1,generate,127.9934,9.2693,3.1294
2026-01-25 19:04:39,191,deepseek-r1,score,0.9419,7.7251,3.1294
2026-01-25 19:05:27,678,deepseek-r1,generate,48.4656,10.2301,3.1294
2026-01-25 19:05:30,509,deepseek-r1,score,0.9444,7.7251,3.1294
2026-01-25 19:06:29,573,deepseek-r1,generate,59.0436,10.2845,3.1294
2026-01-25 19:06:32,398,deepseek-r1,score,0.9287,7.7251,3.1294
2026-01-25 19:09:06,878,deepseek-r1,generate,154.4594,11.3651,3.1294
2026-01-25 19:09:14,957,deepseek-r1,score,0.9924,7.7251,3.1294
2026-01-25 19:10:00,877,deepseek-r1,generate,45.8994,10.7271,3.1294
2026-01-25 19:10:04,227,deepseek-r1,score,0.9222,7.7251,3.1294
2026-01-25 19:10:47,624,deepseek-r1,generate,43.3770,9.8942,3.1294
2026-01-25 19:10:50,356,deepseek-r1,score,0.9521,7.7251,3.1294
2026-01-25 19:13:24,677,deepseek-r1,generate,154.3005,11.3651,3.1294
2026-01-25 19:13:28,454,deepseek-r1,score,0.9197,7.7251,3.1294
2026-01-25 19:14:33,792,deepseek-r1,generate,65.3176,10.2448,3.1294
2026-01-25 19:14:36,752,deepseek-r1,score,0.9301,7.7251,3.1294
2026-01-25 19:16:09,158,deepseek-r1,generate,92.3854,9.1220,3.1294
2026-01-25 19:16:11,328,deepseek-r1,score,0.8983,7.7251,3.1294
2026-01-25 19:17:22,181,deepseek-r1,generate,70.8324,9.1710,3.1294
2026-01-25 19:17:24,404,deepseek-r1,score,0.9165,7.7251,3.1294
2026-01-25 19:18:38,738,deepseek-r1,generate,74.3139,9.1305,3.1294
2026-01-25 19:18:40,935,deepseek-r1,score,0.9001,7.7251,3.1294
2026-01-25 19:20:01,927,deepseek-r1,generate,80.9705,9.1600,3.1294
2026-01-25 19:20:04,198,deepseek-r1,score,0.8957,7.7251,3.1294
2026-01-25 19:20:58,394,deepseek-r1,generate,54.1758,8.0407,3.1294
2026-01-25 19:20:59,626,deepseek-r1,score,0.8994,7.7251,3.1294
2026-01-25 19:21:45,525,deepseek-r1,generate,45.8795,7.7605,3.1294
2026-01-25 19:21:51,234,deepseek-r1,score,0.9350,7.7251,3.1294
2026-01-25 19:24:32,627,deepseek-r1,generate,161.3717,11.3651,3.1294
2026-01-25 19:24:36,481,deepseek-r1,score,0.9411,7.7251,3.1294
2026-01-25 19:25:40,577,deepseek-r1,generate,64.0709,9.9129,3.1294
2026-01-25 19:25:43,263,deepseek-r1,score,0.9482,7.7251,3.1294
2026-01-25 19:26:21,423,deepseek-r1,generate,38.1386,10.1344,3.1294
2026-01-25 19:26:24,300,deepseek-r1,score,0.9030,7.7251,3.1294
2026-01-25 19:28:40,581,deepseek-r1,generate,136.2598,8.5122,3.1294
2026-01-25 19:28:42,055,deepseek-r1,score,0.8959,7.7251,3.1294
2026-01-25 19:30:03,997,deepseek-r1,generate,81.9208,8.4898,3.1294
2026-01-25 19:30:05,471,deepseek-r1,score,0.9003,7.7251,3.1294
2026-01-25 19:32:25,324,deepseek-r1,generate,139.8322,9.5908,3.1294
2026-01-25 19:32:27,870,deepseek-r1,score,0.8858,7.7251,3.1294
2026-01-25 19:33:08,178,deepseek-r1,generate,40.2880,8.5936,3.1294
2026-01-25 19:33:09,689,deepseek-r1,score,0.9009,7.7251,3.1294
2026-01-25 19:33:49,861,deepseek-r1,generate,40.1506,8.0295,3.1294
2026-01-25 19:33:51,082,deepseek-r1,score,0.8916,7.7251,3.1294
2026-01-25 19:34:27,866,deepseek-r1,generate,36.7641,8.0285,3.1294
2026-01-25 19:34:29,089,deepseek-r1,score,0.8925,7.7251,3.1294
2026-01-25 19:35:05,431,deepseek-r1,generate,36.3217,8.0144,3.1294
2026-01-25 19:35:10,173,deepseek-r1,score,0.9501,7.7251,3.1294
2026-01-25 19:36:31,500,deepseek-r1,generate,81.3058,10.6257,3.1294
2026-01-25 19:36:34,799,deepseek-r1,score,0.9563,7.7251,3.1294
2026-01-25 19:37:26,607,deepseek-r1,generate,51.7869,10.1595,3.1294
2026-01-25 19:37:29,512,deepseek-r1,score,0.9107,7.7251,3.1294
2026-01-25 19:40:12,361,deepseek-r1,generate,162.8261,11.3651,3.1294
2026-01-25 19:40:16,304,deepseek-r1,score,0.9034,7.7251,3.1294
2026-01-25 19:41:21,212,deepseek-r1,generate,64.8867,9.3993,3.1294
2026-01-25 19:41:23,634,deepseek-r1,score,0.8875,7.7251,3.1294
2026-01-25 19:42:19,872,deepseek-r1,generate,56.2179,9.2502,3.1294
2026-01-25 19:42:22,194,deepseek-r1,score,0.9262,7.7251,3.1294
2026-01-25 19:43:33,367,deepseek-r1,generate,71.1529,8.7586,3.1294
2026-01-25 19:43:34,998,deepseek-r1,score,0.8975,7.7251,3.1294
2026-01-25 19:44:29,059,deepseek-r1,generate,54.0398,8.9367,3.1294
2026-01-25 19:44:31,200,deepseek-r1,score,0.8909,7.7251,3.1294
2026-01-25 19:45:23,187,deepseek-r1,generate,51.9666,7.4496,3.1294
2026-01-25 19:45:24,095,deepseek-r1,score,0.8814,7.7251,3.1294
2026-01-25 19:46:04,279,deepseek-r1,generate,40.1637,8.1778,3.1294
2026-01-25 19:46:05,223,deepseek-r1,score,0.8985,7.7251,3.1294
2026-01-25 19:46:49,688,deepseek-r1,generate,44.4450,8.2518,3.1294
2026-01-25 19:46:54,901,deepseek-r1,score,0.9221,7.7251,3.1294
2026-01-25 19:48:16,690,deepseek-r1,generate,81.7686,10.9287,3.1294
2026-01-25 19:48:20,199,deepseek-r1,score,0.9481,7.7251,3.1294
2026-01-25 19:51:05,660,deepseek-r1,generate,165.4409,11.3651,3.1294
2026-01-25 19:51:09,623,deepseek-r1,score,0.8960,7.7251,3.1294
2026-01-25 19:53:35,930,deepseek-r1,generate,146.2856,9.9563,3.1294
2026-01-25 19:53:38,737,deepseek-r1,score,0.8936,7.7251,3.1294
2026-01-25 19:54:23,705,deepseek-r1,generate,44.9465,8.7118,3.1294
2026-01-25 19:54:25,729,deepseek-r1,score,0.8930,7.7251,3.1294
2026-01-25 19:55:37,439,deepseek-r1,generate,71.6898,9.5993,3.1294
2026-01-25 19:55:40,120,deepseek-r1,score,0.9257,7.7251,3.1294
2026-01-25 19:56:21,796,deepseek-r1,generate,41.6533,9.0122,3.1294
2026-01-25 19:56:24,102,deepseek-r1,score,0.8995,7.7251,3.1294
2026-01-25 19:57:02,699,deepseek-r1,generate,38.5764,7.7729,3.1294
2026-01-25 19:57:03,813,deepseek-r1,score,0.8964,7.7251,3.1294
2026-01-25 19:58:10,687,deepseek-r1,generate,66.8534,7.9950,3.1294
2026-01-25 19:58:11,920,deepseek-r1,score,0.8887,7.7251,3.1294
2026-01-25 19:59:29,508,deepseek-r1,generate,77.5671,8.5395,3.1294
2026-01-25 19:59:30,980,deepseek-r1,score,0.8830,7.7251,3.1294
2026-01-25 20:00:14,222,deepseek-r1,generate,43.2213,7.3056,3.1294
2026-01-25 20:00:15,502,deepseek-r1,score,0.8869,7.7251,3.1294
2026-01-25 20:00:16,411,deepseek-r1,score,0.8886,7.7251,3.1294
2026-01-25 20:02:36,962,deepseek-r1,generate,140.5319,9.6101,3.1294
2026-01-25 20:02:39,544,deepseek-r1,score,0.9213,7.7251,3.1294
2026-01-25 20:02:40,458,deepseek-r1,score,0.8935,7.7251,3.1294
2026-01-25 20:03:29,213,deepseek-r1,generate,48.7344,10.5081,3.1294
2026-01-25 20:03:32,512,deepseek-r1,score,0.9241,7.7251,3.1294
2026-01-25 20:03:33,422,deepseek-r1,score,0.8907,7.7251,3.1294
2026-01-25 20:04:20,436,deepseek-r1,generate,46.9928,10.2031,3.1294
2026-01-25 20:04:23,440,deepseek-r1,score,0.9221,7.7251,3.1294
2026-01-25 20:04:24,342,deepseek-r1,score,0.8814,7.7251,3.1294
2026-01-25 20:05:50,274,deepseek-r1,generate,85.9117,8.5772,3.1294
2026-01-25 20:05:51,792,deepseek-r1,score,0.8778,7.7251,3.1294
2026-01-25 20:05:52,688,deepseek-r1,score,0.8755,7.7251,3.1294
2026-01-25 20:06:31,273,deepseek-r1,generate,38.5644,7.1956,3.1294
2026-01-25 20:06:32,077,deepseek-r1,score,0.7802,7.4112,3.1294
2026-01-25 20:06:32,905,deepseek-r1,score,0.8094,7.5457,3.1294
2026-01-25 20:07:22,204,deepseek-r1,generate,49.2802,6.6588,3.1294
2026-01-25 20:07:23,025,deepseek-r1,score,0.7988,7.5371,3.1294
2026-01-25 20:07:23,844,deepseek-r1,score,0.7993,7.5224,3.1294
2026-01-25 20:08:29,808,deepseek-r1,generate,65.9445,6.6909,3.1294
2026-01-25 20:08:30,706,deepseek-r1,score,0.8762,7.7251,3.1294
2026-01-25 20:08:31,606,deepseek-r1,score,0.8808,7.7251,3.1294
2026-01-25 20:09:05,699,deepseek-r1,generate,34.0730,7.0227,3.1294
2026-01-25 20:09:06,323,deepseek-r1,score,0.6034,6.8490,3.1294
2026-01-25 20:09:06,958,deepseek-r1,score,0.6173,6.8704,3.1294
2026-01-25 20:09:39,515,deepseek-r1,generate,32.5407,6.2832,3.1294
2026-01-25 20:09:39,932,deepseek-r1,score,0.3991,6.2669,3.1294
2026-01-25 20:09:40,342,deepseek-r1,score,0.3959,6.2236,3.1294
2026-01-25 20:10:32,960,deepseek-r1,generate,52.6041,5.9905,3.1294
2026-01-25 20:11:48,512,llama3.1,score,74.9464,7.7805,3.1348
2026-01-25 20:12:02,441,llama3.1,generate,13.3642,9.2166,3.1348
2026-01-25 20:12:04,519,llama3.1,score,0.8846,7.5025,3.1348
2026-01-25 20:12:10,320,llama3.1,generate,5.7828,7.1198,3.1348
2026-01-25 20:12:12,614,llama3.1,score,2.2718,7.7805,3.1348
2026-01-25 20:12:22,142,llama3.1,generate,9.1929,8.2084,3.1348
2026-01-25 20:12:22,996,llama3.1,score,0.5062,6.5610,3.1348
2026-01-25 20:12:31,370,llama3.1,generate,8.3591,6.4550,3.1348
2026-01-25 20:12:31,901,llama3.1,score,0.5132,6.5922,3.1348
2026-01-25 20:12:37,716,llama3.1,generate,5.7999,6.4612,3.1348
2026-01-25 20:12:38,432,llama3.1,score,0.6975,7.0271,3.1348
2026-01-25 20:12:43,395,llama3.1,generate,4.9462,6.7604,3.1348
2026-01-25 20:12:43,869,llama3.1,score,0.4555,6.3519,3.1348
2026-01-25 20:12:48,614,llama3.1,generate,4.7325,6.3490,3.1348
2026-01-25 20:12:49,222,llama3.1,score,0.5901,6.7928,3.1348
2026-01-25 20:12:57,224,llama3.1,generate,7.9860,6.6015,3.1348
2026-01-25 20:12:57,957,llama3.1,score,0.7155,7.0913,3.1348
2026-01-25 20:13:05,500,llama3.1,generate,7.5272,6.7962,3.1348
2026-01-25 20:13:06,123,llama3.1,score,0.6052,6.8435,3.1348
2026-01-25 20:13:14,856,llama3.1,generate,8.7165,6.6609,3.1348
2026-01-25 20:13:20,281,llama3.1,score,2.8006,7.7805,3.1348
2026-01-25 20:15:57,772,llama3.1,generate,157.0444,13.0372,3.1348
2026-01-25 20:16:06,006,llama3.1,score,3.7535,7.7805,3.1348
2026-01-25 20:18:47,647,llama3.1,generate,161.0840,13.0372,3.1348
2026-01-25 20:18:55,009,llama3.1,score,2.9026,7.7805,3.1348
2026-01-25 20:21:36,801,llama3.1,generate,161.2591,13.0372,3.1348
2026-01-25 20:21:44,307,llama3.1,score,2.9873,7.7805,3.1348
2026-01-25 20:22:14,146,llama3.1,generate,29.2915,12.5156,3.1348
2026-01-25 20:22:19,787,llama3.1,score,2.1483,7.7805,3.1348
2026-01-25 20:22:56,471,llama3.1,generate,36.3353,12.1579,3.1348
2026-01-25 20:23:03,236,llama3.1,score,2.8214,7.7805,3.1348
2026-01-25 20:23:41,439,llama3.1,generate,37.8591,12.4373,3.1348
2026-01-25 20:23:48,443,llama3.1,score,2.7303,7.7805,3.1348
2026-01-25 20:24:07,648,llama3.1,generate,18.8192,9.8702,3.1348
2026-01-25 20:24:12,680,llama3.1,score,2.5643,7.7805,3.1348
2026-01-25 20:24:30,332,llama3.1,generate,17.3017,10.6598,3.1348
2026-01-25 20:24:34,806,llama3.1,score,2.0081,7.7805,3.1348
2026-01-25 20:24:54,474,llama3.1,generate,19.3176,10.8924,3.1348
2026-01-25 20:24:59,481,llama3.1,score,2.0422,7.7805,3.1348
2026-01-25 20:25:36,277,llama3.1,generate,36.4281,12.1751,3.1348
2026-01-25 20:25:47,280,llama3.1,score,2.9769,7.7805,3.1348
2026-01-25 20:26:09,925,llama3.1,generate,22.2040,11.2645,3.1348
2026-01-25 20:26:15,355,llama3.1,score,2.3452,7.7805,3.1348
2026-01-25 20:26:33,364,llama3.1,generate,17.6677,10.5395,3.1348
2026-01-25 20:26:37,936,llama3.1,score,2.1112,7.7805,3.1348
2026-01-25 20:27:06,673,llama3.1,generate,28.3882,11.9299,3.1348
2026-01-25 20:27:12,853,llama3.1,score,2.5212,7.7805,3.1348
2026-01-25 20:27:34,223,llama3.1,generate,21.0093,10.8700,3.1348
2026-01-25 20:27:39,457,llama3.1,score,2.1968,7.7805,3.1348
2026-01-25 20:27:53,076,llama3.1,generate,13.2686,9.4859,3.1348
2026-01-25 20:27:56,538,llama3.1,score,2.1083,7.7805,3.1348
2026-01-25 20:28:09,604,llama3.1,generate,12.7152,9.5203,3.1348
2026-01-25 20:28:13,131,llama3.1,score,2.1011,7.7805,3.1348
2026-01-25 20:28:26,458,llama3.1,generate,12.9782,9.6539,3.1348
2026-01-25 20:28:30,112,llama3.1,score,2.1734,7.7805,3.1348
2026-01-25 20:28:42,630,llama3.1,generate,12.1729,9.6978,3.1348
2026-01-25 20:28:46,285,llama3.1,score,2.1964,7.7805,3.1348
2026-01-25 20:28:57,141,llama3.1,generate,10.5067,8.5362,3.1348
2026-01-25 20:28:59,710,llama3.1,score,2.0526,7.7805,3.1348
2026-01-25 20:29:08,778,llama3.1,generate,8.7180,8.0558,3.1348
2026-01-25 20:29:16,721,llama3.1,score,3.0014,7.7805,3.1348
2026-01-25 20:32:03,182,llama3.1,generate,166.0349,13.0372,3.1348
2026-01-25 20:32:10,740,llama3.1,score,2.9340,7.7805,3.1348
2026-01-25 20:32:35,304,llama3.1,generate,23.9979,10.5183,3.1348
2026-01-25 20:32:40,345,llama3.1,score,2.5221,7.7805,3.1348
2026-01-25 20:33:00,890,llama3.1,generate,20.1942,10.8006,3.1348
2026-01-25 20:33:05,713,llama3.1,score,2.1849,7.7805,3.1348
2026-01-25 20:33:18,695,llama3.1,generate,12.6294,9.0216,3.1348
2026-01-25 20:33:22,612,llama3.1,score,2.5068,7.7805,3.1348
2026-01-25 20:33:38,290,llama3.1,generate,15.2771,9.0088,3.1348
2026-01-25 20:33:42,171,llama3.1,score,2.4556,7.7805,3.1348
2026-01-25 20:34:03,554,llama3.1,generate,21.0274,10.1515,3.1348
2026-01-25 20:34:08,528,llama3.1,score,2.3328,7.7805,3.1348
2026-01-25 20:34:22,979,llama3.1,generate,14.0941,8.9691,3.1348
2026-01-25 20:34:26,847,llama3.1,score,2.4552,7.7805,3.1348
2026-01-25 20:34:41,127,llama3.1,generate,13.8798,8.4840,3.1348
2026-01-25 20:34:43,944,llama3.1,score,2.0344,7.7805,3.1348
2026-01-25 20:34:52,896,llama3.1,generate,8.6433,8.3747,3.1348
2026-01-25 20:34:55,489,llama3.1,score,2.1389,7.7805,3.1348
2026-01-25 20:35:06,377,llama3.1,generate,10.5284,8.3346,3.1348
2026-01-25 20:35:13,068,llama3.1,score,2.3654,7.7805,3.1348
2026-01-25 20:35:39,501,llama3.1,generate,26.0336,11.1350,3.1348
2026-01-25 20:35:44,558,llama3.1,score,2.0589,7.7805,3.1348
2026-01-25 20:36:06,592,llama3.1,generate,21.6450,10.7832,3.1348
2026-01-25 20:36:11,764,llama3.1,score,2.5731,7.7805,3.1348
2026-01-25 20:36:55,840,llama3.1,generate,43.6745,12.4915,3.1348
2026-01-25 20:37:03,239,llama3.1,score,3.1609,7.7805,3.1348
2026-01-25 20:37:25,217,llama3.1,generate,21.4900,9.9808,3.1348
2026-01-25 20:37:29,567,llama3.1,score,2.2133,7.7805,3.1348
2026-01-25 20:37:43,914,llama3.1,generate,13.9922,9.7672,3.1348
2026-01-25 20:37:47,830,llama3.1,score,2.0768,7.7805,3.1348
2026-01-25 20:38:00,467,llama3.1,generate,12.2787,9.1641,3.1348
2026-01-25 20:38:03,942,llama3.1,score,2.3112,7.7805,3.1348
2026-01-25 20:38:19,536,llama3.1,generate,15.1945,9.3909,3.1348
2026-01-25 20:38:22,966,llama3.1,score,2.0657,7.7805,3.1348
2026-01-25 20:38:34,307,llama3.1,generate,10.9875,7.8040,3.1348
2026-01-25 20:38:36,618,llama3.1,score,2.2826,7.7805,3.1348
2026-01-25 20:38:45,159,llama3.1,generate,8.1894,8.6507,3.1348
2026-01-25 20:38:47,987,llama3.1,score,2.0276,7.7805,3.1348
2026-01-25 20:38:58,461,llama3.1,generate,10.0791,8.6329,3.1348
2026-01-25 20:39:05,946,llama3.1,score,2.4770,7.7805,3.1348
2026-01-25 20:39:28,805,llama3.1,generate,22.5055,11.3668,3.1348
2026-01-25 20:39:34,165,llama3.1,score,2.2405,7.7805,3.1348
2026-01-25 20:40:04,287,llama3.1,generate,29.7708,11.8238,3.1348
2026-01-25 20:40:10,437,llama3.1,score,2.5402,7.7805,3.1348
2026-01-25 20:40:31,872,llama3.1,generate,21.0823,10.6286,3.1348
2026-01-25 20:40:36,424,llama3.1,score,2.0579,7.7805,3.1348
2026-01-25 20:40:45,344,llama3.1,generate,8.5696,9.2192,3.1348
2026-01-25 20:40:48,413,llama3.1,score,1.8848,7.7805,3.1348
2026-01-25 20:41:07,607,llama3.1,generate,18.8420,10.1659,3.1348
2026-01-25 20:41:12,590,llama3.1,score,2.3831,7.7805,3.1348
2026-01-25 20:41:29,380,llama3.1,generate,16.4395,9.4647,3.1348
2026-01-25 20:41:32,830,llama3.1,score,2.0997,7.7805,3.1348
2026-01-25 20:41:40,750,llama3.1,generate,7.5600,8.2096,3.1348
2026-01-25 20:41:43,231,llama3.1,score,2.0897,7.7805,3.1348
2026-01-25 20:41:52,981,llama3.1,generate,9.3940,8.3900,3.1348
2026-01-25 20:41:55,470,llama3.1,score,2.0405,7.7805,3.1348
2026-01-25 20:42:06,391,llama3.1,generate,10.5702,8.9500,3.1348
2026-01-25 20:42:10,134,llama3.1,score,2.1120,7.7805,3.1348
2026-01-25 20:42:16,222,llama3.1,generate,5.7349,7.5632,3.1348
2026-01-25 20:42:18,902,llama3.1,score,2.3212,7.7805,3.1348
2026-01-25 20:42:21,197,llama3.1,score,1.8077,7.7805,3.1348
2026-01-25 20:42:36,464,llama3.1,generate,14.9132,10.0675,3.1348
2026-01-25 20:42:41,035,llama3.1,score,2.0223,7.7805,3.1348
2026-01-25 20:42:43,110,llama3.1,score,1.7168,7.7805,3.1348
2026-01-25 20:42:59,639,llama3.1,generate,16.1838,11.1068,3.1348
2026-01-25 20:43:04,384,llama3.1,score,1.6864,7.7805,3.1348
2026-01-25 20:43:06,379,llama3.1,score,1.6288,7.7805,3.1348
2026-01-25 20:43:20,614,llama3.1,generate,13.8847,10.3616,3.1348
2026-01-25 20:43:24,489,llama3.1,score,1.6888,7.7805,3.1348
2026-01-25 20:43:26,501,llama3.1,score,1.6486,7.7805,3.1348
2026-01-25 20:43:37,655,llama3.1,generate,10.8097,8.8457,3.1348
2026-01-25 20:43:40,297,llama3.1,score,1.5802,7.7805,3.1348
2026-01-25 20:43:42,193,llama3.1,score,1.5280,7.7805,3.1348
2026-01-25 20:43:50,297,llama3.1,generate,7.7543,7.5372,3.1348
2026-01-25 20:43:51,049,llama3.1,score,0.7296,7.2268,3.1348
2026-01-25 20:43:51,880,llama3.1,score,0.8137,7.3438,3.1348
2026-01-25 20:43:58,634,llama3.1,generate,6.7381,6.9625,3.1348
2026-01-25 20:43:59,412,llama3.1,score,0.7570,7.2946,3.1348
2026-01-25 20:44:00,185,llama3.1,score,0.7566,7.2796,3.1348
2026-01-25 20:44:07,986,llama3.1,generate,7.7843,6.9642,3.1348
2026-01-25 20:44:09,419,llama3.1,score,1.4113,7.6279,3.1348
2026-01-25 20:44:10,892,llama3.1,score,1.2165,7.6338,3.1348
2026-01-25 20:44:16,907,llama3.1,generate,5.8007,7.2312,3.1348
2026-01-25 20:44:17,487,llama3.1,score,0.5590,6.6568,3.1348
2026-01-25 20:44:18,063,llama3.1,score,0.5608,6.6638,3.1348
2026-01-25 20:44:22,676,llama3.1,generate,4.5967,6.5168,3.1348
2026-01-25 20:44:23,092,llama3.1,score,0.3992,6.2848,3.1348
2026-01-25 20:44:23,501,llama3.1,score,0.3966,6.2544,3.1348
2026-01-25 20:44:29,323,llama3.1,generate,5.8089,6.2481,3.1348
2026-01-25 20:45:53,629,gemma2,score,83.7311,10.9648,3.1018
2026-01-25 20:50:07,745,gemma2,generate,251.1977,14.2119,3.1018
2026-01-25 20:50:23,476,gemma2,score,10.5095,10.9648,3.1018
2026-01-25 20:51:01,930,gemma2,generate,26.0887,9.6038,3.1018
2026-01-25 20:51:24,714,gemma2,score,21.2472,10.9648,3.1018
2026-01-25 20:55:09,303,gemma2,generate,221.5403,12.1514,3.1018
2026-01-25 20:55:18,514,gemma2,score,5.1501,8.6979,3.1018
2026-01-25 20:55:28,782,gemma2,generate,9.3359,7.9252,3.1018
2026-01-25 20:55:34,302,gemma2,score,5.4732,9.0199,3.1018
2026-01-25 20:55:48,461,gemma2,generate,13.1613,8.0781,3.1018
2026-01-25 20:56:01,337,gemma2,score,12.6886,10.1698,3.1018
2026-01-25 20:56:18,887,gemma2,generate,15.3687,8.8762,3.1018
2026-01-25 20:56:21,922,gemma2,score,2.1066,8.3443,3.1018
2026-01-25 20:56:32,552,gemma2,generate,10.2937,7.7358,3.1018
2026-01-25 20:56:40,135,gemma2,score,7.5578,9.5559,3.1018
2026-01-25 20:56:53,400,gemma2,generate,11.7659,8.4536,3.1018
2026-01-25 20:57:08,363,gemma2,score,14.4338,10.4133,3.1018
2026-01-25 20:57:27,582,gemma2,generate,16.6639,9.0227,3.1018
2026-01-25 20:57:37,198,gemma2,score,8.4020,9.6422,3.1018
2026-01-25 20:58:09,424,gemma2,generate,30.7078,8.5822,3.1018
2026-01-25 20:58:29,523,gemma2,score,17.0363,10.9648,3.1018
