2026-01-30 22:02:28,380,model_id,operation,duration_sec,peak_vram_gb,system_ram_gb,prompt_tokens,generated_tokens
2026-01-31 20:06:27,263,qwen-coder,score,3.4598,7.4449,1.6540,3607,0
2026-01-31 20:06:29,427,qwen-coder,score,1.6956,7.4449,1.6554,3607,0
2026-01-31 20:06:34,497,qwen-coder,generate,4.6181,6.6296,2.0193,7617,38
2026-01-31 20:25:16,213,qwen-coder,score,4.4368,7.4479,1.6593,3607,0
2026-01-31 20:25:19,647,qwen-coder,score,2.2021,7.4479,1.6610,3607,0
2026-01-31 20:25:28,197,qwen-coder,generate,7.3119,6.6323,2.0228,7617,80
2026-01-31 20:25:36,367,qwen-coder,score,7.9716,7.4479,2.0238,3607,0
2026-01-31 20:25:43,102,qwen-coder,score,5.4011,7.4479,2.0240,3607,0
2026-01-31 20:25:50,037,qwen-coder,generate,5.6524,6.6323,2.0256,7617,66
2026-01-31 20:25:53,852,qwen-coder,score,3.5983,6.9792,2.0256,2839,0
2026-01-31 20:25:57,309,qwen-coder,score,2.5670,6.9792,2.0256,2839,0
2026-01-31 20:26:03,624,qwen-coder,generate,5.4027,6.3539,2.0256,6081,74
2026-01-31 20:26:08,183,qwen-coder,score,4.3382,6.9803,2.0256,2843,0
2026-01-31 20:26:12,241,qwen-coder,score,3.1035,6.9803,2.0256,2843,0
2026-01-31 20:26:18,094,qwen-coder,generate,4.9495,6.3550,2.0262,6089,60
2026-01-31 20:26:22,152,qwen-coder,score,3.8511,7.1567,2.0262,3127,0
2026-01-31 20:26:28,290,qwen-coder,score,5.0383,7.1567,2.0262,3127,0
2026-01-31 20:26:34,721,qwen-coder,generate,5.3921,6.4537,2.0262,6657,59
2026-01-31 20:26:39,542,qwen-coder,score,4.6427,7.2273,2.0262,3238,0
2026-01-31 20:26:43,404,qwen-coder,score,2.6893,7.2285,2.0262,3239,0
2026-01-31 20:26:48,412,qwen-coder,generate,3.8933,6.4949,2.0264,6880,51
2026-01-31 20:26:52,838,qwen-coder,score,4.2304,7.0295,2.0264,2922,0
2026-01-31 20:26:56,989,qwen-coder,score,3.1288,7.0295,2.0264,2922,0
2026-01-31 20:27:02,446,qwen-coder,generate,4.5315,6.3789,2.0264,6247,49
2026-01-31 20:27:06,284,qwen-coder,score,3.6376,7.0395,2.0264,2940,0
2026-01-31 20:27:08,768,qwen-coder,score,1.4286,7.0411,2.0264,2941,0
2026-01-31 20:27:13,876,qwen-coder,generate,4.0921,6.3846,2.0264,6284,55
2026-01-31 20:27:14,354,qwen-coder,score,0.3559,6.3996,2.0264,1910,0
2026-01-31 20:27:14,769,qwen-coder,score,0.3577,6.3999,2.0264,1911,0
2026-01-31 20:27:18,701,qwen-coder,generate,3.8671,6.0005,2.0264,4224,49
2026-01-31 20:27:19,136,qwen-coder,score,0.3544,6.3996,2.0264,1910,0
2026-01-31 20:27:19,564,qwen-coder,score,0.3552,6.3999,2.0264,1911,0
2026-01-31 20:27:23,840,qwen-coder,generate,4.2166,6.0005,2.0264,4224,49
2026-01-31 20:27:24,348,qwen-coder,score,0.3527,6.3994,2.0264,1909,0
2026-01-31 20:27:24,775,qwen-coder,score,0.3550,6.3994,2.0264,1909,0
2026-01-31 20:27:29,317,qwen-coder,generate,4.4577,6.0000,2.0264,4221,70
2026-01-31 20:27:29,894,qwen-coder,score,0.3525,6.3994,2.0264,1909,0
2026-01-31 20:27:30,502,qwen-coder,score,0.5222,6.3994,2.0264,1909,0
2026-01-31 20:27:34,448,qwen-coder,generate,3.8689,6.0000,2.0264,4221,46
2026-01-31 20:27:38,628,qwen-coder,score,3.9821,7.1463,2.0264,3110,0
2026-01-31 20:27:43,577,qwen-coder,score,3.8369,7.1465,2.0264,3111,0
2026-01-31 20:27:49,833,qwen-coder,generate,5.1296,6.4475,2.0264,6624,66
2026-01-31 20:27:50,212,qwen-coder,score,0.1586,5.6031,2.0264,633,0
2026-01-31 20:27:50,387,qwen-coder,score,0.1678,5.6136,2.0264,650,0
2026-01-31 20:27:53,230,qwen-coder,generate,2.8366,5.5963,2.0264,1686,44
2026-01-31 20:27:53,645,qwen-coder,score,0.1535,5.6031,2.0264,633,0
2026-01-31 20:27:53,819,qwen-coder,score,0.1666,5.6136,2.0264,650,0
2026-01-31 20:27:58,223,qwen-coder,generate,4.3969,5.5963,2.0264,1686,74
2026-01-31 20:27:59,141,qwen-coder,score,0.6799,6.4784,2.0264,2039,0
2026-01-31 20:27:59,647,qwen-coder,score,0.3750,6.4784,2.0264,2039,0
2026-01-31 20:28:03,259,qwen-coder,generate,3.5408,6.0489,2.0264,4481,54
2026-01-31 20:28:03,780,qwen-coder,score,0.3733,6.4131,2.0264,1935,0
2026-01-31 20:28:04,236,qwen-coder,score,0.3733,6.4150,2.0264,1938,0
2026-01-31 20:28:08,638,qwen-coder,generate,4.3426,6.0102,2.0264,4276,50
2026-01-31 20:28:09,260,qwen-coder,score,0.5123,6.6222,2.0264,2269,0
2026-01-31 20:28:09,839,qwen-coder,score,0.4515,6.6226,2.0264,2270,0
2026-01-31 20:28:13,766,qwen-coder,generate,3.7933,6.1359,2.0264,4942,47
2026-01-31 20:28:14,275,qwen-coder,score,0.3807,6.4306,2.0264,1965,0
2026-01-31 20:28:14,736,qwen-coder,score,0.3804,6.4310,2.0264,1966,0
2026-01-31 20:28:17,759,qwen-coder,generate,2.9645,6.0216,2.0264,4334,43
2026-01-31 20:28:18,265,qwen-coder,score,0.3762,6.4306,2.0264,1965,0
2026-01-31 20:28:18,709,qwen-coder,score,0.3783,6.4310,2.0264,1966,0
2026-01-31 20:28:21,773,qwen-coder,generate,3.0054,6.0216,2.0264,4334,48
2026-01-31 20:28:22,321,qwen-coder,score,0.3131,6.1893,2.0264,1569,0
2026-01-31 20:28:22,666,qwen-coder,score,0.3140,6.1911,2.0264,1571,0
2026-01-31 20:28:27,050,qwen-coder,generate,4.3775,5.8774,2.0264,3543,52
2026-01-31 20:28:27,686,qwen-coder,score,0.3135,6.2314,2.0264,1632,0
2026-01-31 20:28:28,022,qwen-coder,score,0.3130,6.2264,2.0264,1624,0
2026-01-31 20:28:32,397,qwen-coder,generate,4.3493,5.8942,2.0264,3659,58
2026-01-31 20:28:33,045,qwen-coder,score,0.3113,6.1923,2.0264,1574,0
2026-01-31 20:28:33,381,qwen-coder,score,0.3123,6.1867,2.0264,1566,0
2026-01-31 20:28:37,698,qwen-coder,generate,4.3103,5.8774,2.0264,3543,64
2026-01-31 20:28:38,299,qwen-coder,score,0.3229,6.1801,2.0264,1556,0
2026-01-31 20:28:38,630,qwen-coder,score,0.3251,6.1808,2.0264,1559,0
2026-01-31 20:28:42,998,qwen-coder,generate,4.3610,5.8755,2.0264,3518,68
2026-01-31 20:28:43,510,qwen-coder,score,0.3169,6.1801,2.0264,1556,0
2026-01-31 20:28:43,836,qwen-coder,score,0.3211,6.1808,2.0264,1559,0
2026-01-31 20:28:47,829,qwen-coder,generate,3.9862,5.8755,2.0264,3518,45
2026-01-31 20:29:50,932,deepseek-r1,score,2.8796,7.4521,2.1289,3607,0
2026-01-31 20:29:54,251,deepseek-r1,score,2.5034,7.4521,2.1289,3607,0
2026-01-31 20:30:32,440,deepseek-r1,generate,37.4546,6.6312,2.1289,7593,596
2026-01-31 20:30:36,261,deepseek-r1,score,3.6201,7.4521,2.1289,3607,0
2026-01-31 20:30:38,520,deepseek-r1,score,1.4633,7.4521,2.1289,3607,0
2026-01-31 20:31:05,774,deepseek-r1,generate,26.4514,6.6312,2.1289,7593,425
2026-01-31 20:31:08,832,deepseek-r1,score,2.8447,6.9844,2.1289,2839,0
2026-01-31 20:31:11,614,deepseek-r1,score,2.1393,6.9844,2.1289,2839,0
2026-01-31 20:31:41,887,deepseek-r1,generate,29.6631,6.3562,2.1289,6057,450
2026-01-31 20:31:44,303,deepseek-r1,score,2.1817,6.9860,2.1289,2843,0
2026-01-31 20:31:46,437,deepseek-r1,score,1.4804,6.9860,2.1289,2843,0
2026-01-31 20:32:19,273,deepseek-r1,generate,32.2575,6.3573,2.1289,6065,506
2026-01-31 20:32:24,000,deepseek-r1,score,4.5015,7.1606,2.1289,3127,0
2026-01-31 20:32:26,503,deepseek-r1,score,1.8134,7.1606,2.1289,3127,0
2026-01-31 20:33:06,291,deepseek-r1,generate,39.0890,6.4530,2.1289,6633,638
2026-01-31 20:33:10,113,deepseek-r1,score,3.6354,7.2302,2.1289,3238,0
2026-01-31 20:33:13,211,deepseek-r1,score,2.3052,7.2317,2.1289,3239,0
2026-01-31 20:33:46,621,deepseek-r1,generate,32.6472,6.4944,2.1289,6856,514
2026-01-31 20:33:50,104,deepseek-r1,score,3.2795,7.0351,2.1289,2922,0
2026-01-31 20:33:52,429,deepseek-r1,score,1.6956,7.0351,2.1289,2922,0
2026-01-31 20:34:32,015,deepseek-r1,generate,38.9674,6.3794,2.1289,6223,658
2026-01-31 20:34:34,169,deepseek-r1,score,1.9676,7.0460,2.1289,2940,0
2026-01-31 20:34:36,405,deepseek-r1,score,1.6142,7.0466,2.1289,2941,0
2026-01-31 20:35:34,821,deepseek-r1,generate,57.7921,6.3842,2.1289,6260,927
2026-01-31 20:35:35,294,deepseek-r1,score,0.3515,6.4042,2.1289,1910,0
2026-01-31 20:35:35,654,deepseek-r1,score,0.3558,6.4047,2.1289,1911,0
2026-01-31 20:36:14,430,deepseek-r1,generate,38.7716,6.0004,2.1289,4200,645
2026-01-31 20:36:14,871,deepseek-r1,score,0.3599,6.4042,2.1289,1910,0
2026-01-31 20:36:15,236,deepseek-r1,score,0.3610,6.4047,2.1289,1911,0
2026-01-31 20:36:49,032,deepseek-r1,generate,33.7920,6.0004,2.1297,4200,549
2026-01-31 20:36:49,538,deepseek-r1,score,0.3562,6.4036,2.1297,1909,0
2026-01-31 20:36:49,901,deepseek-r1,score,0.3591,6.4036,2.1297,1909,0
2026-01-31 20:37:45,871,deepseek-r1,generate,55.9660,5.9999,2.1298,4197,944
2026-01-31 20:37:46,453,deepseek-r1,score,0.3641,6.4036,2.1298,1909,0
2026-01-31 20:37:46,819,deepseek-r1,score,0.3611,6.4036,2.1298,1909,0
2026-01-31 20:38:33,973,deepseek-r1,generate,47.1507,5.9999,2.1298,4197,787
2026-01-31 20:38:37,240,deepseek-r1,score,3.0699,7.1502,2.1298,3110,0
2026-01-31 20:38:39,310,deepseek-r1,score,1.3963,7.1505,2.1298,3111,0
2026-01-31 20:39:24,891,deepseek-r1,generate,44.9018,6.4468,2.1304,6600,749
2026-01-31 20:39:25,254,deepseek-r1,score,0.1532,5.6074,2.1304,633,0
2026-01-31 20:39:25,427,deepseek-r1,score,0.1660,5.6179,2.1304,650,0
2026-01-31 20:41:12,979,deepseek-r1,generate,107.5460,5.5981,2.1639,1662,1778
2026-01-31 20:41:13,397,deepseek-r1,score,0.1593,5.6074,2.1639,633,0
2026-01-31 20:41:13,580,deepseek-r1,score,0.1744,5.6179,2.1639,650,0
2026-01-31 20:42:25,918,deepseek-r1,generate,72.3317,5.5981,2.1659,1662,1251
2026-01-31 20:42:28,695,deepseek-r1,score,2.5410,6.4830,2.1659,2039,0
2026-01-31 20:42:30,288,deepseek-r1,score,1.1455,6.4830,2.1659,2039,0
2026-01-31 20:43:09,323,deepseek-r1,generate,38.5871,6.0474,2.1742,4457,645
2026-01-31 20:43:09,840,deepseek-r1,score,0.3743,6.4178,2.1742,1935,0
2026-01-31 20:43:10,218,deepseek-r1,score,0.3741,6.4194,2.1742,1938,0
2026-01-31 20:43:46,151,deepseek-r1,generate,35.9289,6.0110,2.1910,4252,580
2026-01-31 20:43:49,114,deepseek-r1,score,2.8570,6.6256,2.1910,2269,0
2026-01-31 20:43:50,329,deepseek-r1,score,0.7214,6.6259,2.1910,2270,0
2026-01-31 20:44:35,347,deepseek-r1,generate,44.5255,6.1381,2.2019,4918,751
2026-01-31 20:44:35,846,deepseek-r1,score,0.3740,6.4347,2.2019,1965,0
2026-01-31 20:44:36,226,deepseek-r1,score,0.3754,6.4353,2.2019,1966,0
2026-01-31 20:45:08,520,deepseek-r1,generate,32.2908,6.0205,2.2020,4310,523
2026-01-31 20:45:09,025,deepseek-r1,score,0.3735,6.4347,2.2020,1965,0
2026-01-31 20:45:09,405,deepseek-r1,score,0.3755,6.4353,2.2020,1966,0
2026-01-31 20:46:07,295,deepseek-r1,generate,57.8859,6.0205,2.2044,4310,977
2026-01-31 20:46:07,837,deepseek-r1,score,0.3122,6.1986,2.2044,1569,0
2026-01-31 20:46:08,154,deepseek-r1,score,0.3125,6.1997,2.2044,1571,0
2026-01-31 20:47:02,659,deepseek-r1,generate,54.5016,5.8802,2.2232,3519,935
2026-01-31 20:47:03,293,deepseek-r1,score,0.3136,6.2351,2.2285,1632,0
2026-01-31 20:47:03,611,deepseek-r1,score,0.3145,6.2307,2.2285,1624,0
2026-01-31 20:48:10,827,deepseek-r1,generate,67.2115,5.8950,2.2431,3635,1122
2026-01-31 20:48:11,444,deepseek-r1,score,0.3122,6.2015,2.2431,1574,0
2026-01-31 20:48:11,761,deepseek-r1,score,0.3131,6.1918,2.2431,1566,0
2026-01-31 20:49:06,083,deepseek-r1,generate,54.3186,5.8802,2.2657,3519,905
2026-01-31 20:49:06,650,deepseek-r1,score,0.3117,6.1849,2.2657,1556,0
2026-01-31 20:49:06,966,deepseek-r1,score,0.3130,6.1864,2.2657,1559,0
2026-01-31 20:49:42,091,deepseek-r1,generate,35.1183,5.8784,2.2997,3494,587
2026-01-31 20:49:42,593,deepseek-r1,score,0.3111,6.1849,2.2997,1556,0
2026-01-31 20:49:42,908,deepseek-r1,score,0.3120,6.1864,2.2997,1559,0
2026-01-31 20:50:46,459,deepseek-r1,generate,63.5470,5.8784,2.3227,3494,1041
2026-01-31 20:51:49,830,llama3.1,score,0.8539,7.2532,2.3483,3223,0
2026-01-31 20:51:50,515,llama3.1,score,0.6774,7.2532,2.3483,3223,0
2026-01-31 20:52:13,204,llama3.1,generate,22.6837,6.9191,2.3483,6854,359
2026-01-31 20:52:14,057,llama3.1,score,0.6516,7.2532,2.3483,3223,0
2026-01-31 20:52:14,713,llama3.1,score,0.6519,7.2532,2.3483,3223,0
2026-01-31 20:52:46,136,llama3.1,generate,31.4195,6.9191,2.3483,6854,503
2026-01-31 20:52:46,861,llama3.1,score,0.5141,6.8495,2.3483,2550,0
2026-01-31 20:52:47,598,llama3.1,score,0.7326,6.8495,2.3483,2550,0
2026-01-31 20:53:09,441,llama3.1,generate,21.8387,6.6045,2.3482,5508,358
2026-01-31 20:53:10,179,llama3.1,score,0.5123,6.8507,2.3482,2552,0
2026-01-31 20:53:10,698,llama3.1,score,0.5154,6.8507,2.3482,2552,0
2026-01-31 20:53:37,618,llama3.1,generate,26.9153,6.6055,2.3484,5512,459
2026-01-31 20:53:38,410,llama3.1,score,0.5821,7.0006,2.3484,2802,0
2026-01-31 20:53:39,002,llama3.1,score,0.5879,7.0006,2.3484,2802,0
2026-01-31 20:53:59,014,llama3.1,generate,20.0082,6.7231,2.3498,6012,326
2026-01-31 20:53:59,827,llama3.1,score,0.6245,7.1229,2.3498,3004,0
2026-01-31 20:54:00,460,llama3.1,score,0.6292,7.1234,2.3498,3005,0
2026-01-31 20:54:24,747,llama3.1,generate,24.2826,6.8174,2.3498,6417,402
2026-01-31 20:54:25,487,llama3.1,score,0.5390,6.9102,2.3498,2650,0
2026-01-31 20:54:26,033,llama3.1,score,0.5420,6.9102,2.3498,2650,0
2026-01-31 20:54:46,599,llama3.1,generate,20.5622,6.6534,2.3498,5708,335
2026-01-31 20:54:47,372,llama3.1,score,0.5800,6.9679,2.3498,2746,0
2026-01-31 20:54:48,173,llama3.1,score,0.7960,6.9685,2.3498,2747,0
2026-01-31 20:55:11,869,llama3.1,generate,23.6920,6.6981,2.3498,5901,372
2026-01-31 20:55:12,395,llama3.1,score,0.3808,6.3910,2.3498,1755,0
2026-01-31 20:55:12,782,llama3.1,score,0.3837,6.3910,2.3498,1756,0
2026-01-31 20:55:36,887,llama3.1,generate,24.1011,6.2436,2.3517,3919,393
2026-01-31 20:55:37,349,llama3.1,score,0.3799,6.3910,2.3517,1755,0
2026-01-31 20:55:37,734,llama3.1,score,0.3805,6.3910,2.3517,1756,0
2026-01-31 20:56:00,894,llama3.1,generate,23.1565,6.2436,2.3526,3919,386
2026-01-31 20:56:01,429,llama3.1,score,0.3842,6.3877,2.3526,1748,0
2026-01-31 20:56:01,815,llama3.1,score,0.3826,6.3877,2.3526,1748,0
2026-01-31 20:56:29,060,llama3.1,generate,27.2406,6.2415,2.3526,3904,442
2026-01-31 20:56:29,657,llama3.1,score,0.3835,6.3877,2.3526,1748,0
2026-01-31 20:56:30,045,llama3.1,score,0.3836,6.3877,2.3526,1748,0
2026-01-31 20:56:54,349,llama3.1,generate,24.3000,6.2415,2.3526,3904,409
2026-01-31 20:56:55,148,llama3.1,score,0.6108,7.0266,2.3526,2841,0
2026-01-31 20:56:55,762,llama3.1,score,0.6099,7.0281,2.3526,2842,0
2026-01-31 20:57:23,448,llama3.1,generate,27.6815,6.7409,2.3526,6091,538
2026-01-31 20:57:23,818,llama3.1,score,0.1582,5.6909,2.3526,601,0
2026-01-31 20:57:23,974,llama3.1,score,0.1524,5.6940,2.3526,608,0
2026-01-31 20:57:47,129,llama3.1,generate,23.1520,5.7896,2.3526,1617,472
2026-01-31 20:57:47,527,llama3.1,score,0.1482,5.6909,2.3526,601,0
2026-01-31 20:57:47,679,llama3.1,score,0.1483,5.6940,2.3526,608,0
2026-01-31 20:58:14,963,llama3.1,generate,27.2813,5.7896,2.3526,1617,459
2026-01-31 20:58:15,576,llama3.1,score,0.3844,6.4206,2.3526,1806,0
2026-01-31 20:58:15,966,llama3.1,score,0.3854,6.4206,2.3526,1806,0
2026-01-31 20:58:36,496,llama3.1,generate,20.5258,6.2618,2.3526,4020,329
2026-01-31 20:58:37,023,llama3.1,score,0.3823,6.4039,2.3526,1777,0
2026-01-31 20:58:37,408,llama3.1,score,0.3814,6.4054,2.3526,1780,0
2026-01-31 20:59:05,853,llama3.1,generate,28.4407,6.2521,2.3526,3965,498
2026-01-31 20:59:06,360,llama3.1,score,0.4060,6.5082,2.3526,1968,0
2026-01-31 20:59:06,772,llama3.1,score,0.4081,6.5087,2.3526,1969,0
2026-01-31 20:59:31,094,llama3.1,generate,24.3176,6.3354,2.3526,4345,397
2026-01-31 20:59:31,609,llama3.1,score,0.3894,6.4369,2.3526,1837,0
2026-01-31 20:59:32,004,llama3.1,score,0.3903,6.4375,2.3526,1838,0
2026-01-31 20:59:54,072,llama3.1,generate,22.0632,6.2737,2.3526,4083,365
2026-01-31 20:59:54,596,llama3.1,score,0.3948,6.4369,2.3526,1837,0
2026-01-31 20:59:54,997,llama3.1,score,0.3970,6.4375,2.3526,1838,0
2026-01-31 21:00:16,076,llama3.1,generate,21.0750,6.2737,2.3526,4083,356
2026-01-31 21:00:16,614,llama3.1,score,0.3116,6.2344,2.3526,1523,0
2026-01-31 21:00:16,930,llama3.1,score,0.3122,6.2354,2.3526,1525,0
2026-01-31 21:00:34,529,llama3.1,generate,17.5950,6.1431,2.3526,3456,287
2026-01-31 21:00:35,189,llama3.1,score,0.3291,6.2805,2.3526,1551,0
2026-01-31 21:00:35,523,llama3.1,score,0.3301,6.2816,2.3526,1553,0
2026-01-31 21:00:53,243,llama3.1,generate,17.7163,6.1552,2.3526,3512,296
2026-01-31 21:00:53,902,llama3.1,score,0.3207,6.2187,2.3526,1497,0
2026-01-31 21:00:54,225,llama3.1,score,0.3193,6.2198,2.3526,1499,0
2026-01-31 21:01:17,724,llama3.1,generate,23.4959,6.1323,2.3526,3404,379
2026-01-31 21:01:18,285,llama3.1,score,0.3087,6.1722,2.3526,1418,0
2026-01-31 21:01:18,599,llama3.1,score,0.3095,6.1738,2.3526,1421,0
2026-01-31 21:01:43,414,llama3.1,generate,24.8110,6.0999,2.3526,3247,405
2026-01-31 21:01:43,911,llama3.1,score,0.3092,6.1722,2.3526,1418,0
2026-01-31 21:01:44,224,llama3.1,score,0.3088,6.1738,2.3526,1421,0
2026-01-31 21:02:13,376,llama3.1,generate,29.1492,6.0999,2.3526,3247,477
2026-01-31 21:04:09,170,gemma2,score,12.2489,10.7615,2.4745,3937,0
2026-01-31 21:04:27,477,gemma2,score,15.1754,10.7615,2.4759,3937,0
2026-01-31 21:05:00,017,gemma2,generate,29.3853,9.3234,2.4797,8266,233
2026-01-31 21:05:09,988,gemma2,score,8.0981,10.7615,2.4797,3937,0
2026-01-31 21:05:20,875,gemma2,score,7.8366,10.7615,2.4797,3937,0
2026-01-31 21:05:36,779,gemma2,generate,12.5759,9.3234,2.4797,8266,70
2026-01-31 21:05:45,792,gemma2,score,7.1234,9.7423,2.4797,3140,0
2026-01-31 21:05:53,979,gemma2,score,5.7638,9.7423,2.4797,3140,0
2026-01-31 21:06:21,699,gemma2,generate,25.2965,8.6179,2.4797,6672,234
2026-01-31 21:06:28,690,gemma2,score,5.7361,9.7484,2.4797,3146,0
2026-01-31 21:06:40,139,gemma2,score,8.9826,9.7484,2.4797,3146,0
2026-01-31 21:07:03,978,gemma2,generate,21.3521,8.6232,2.4797,6684,187
2026-01-31 21:07:11,129,gemma2,score,6.2583,10.1252,2.4797,3439,0
2026-01-31 21:07:21,725,gemma2,score,7.9469,10.1252,2.4797,3439,0
2026-01-31 21:07:56,704,gemma2,generate,32.0350,8.8815,2.4797,7270,286
2026-01-31 21:08:06,232,gemma2,score,7.9544,10.2671,2.4797,3550,0
2026-01-31 21:08:18,845,gemma2,score,9.8730,10.2675,2.4797,3551,0
2026-01-31 21:08:54,366,gemma2,generate,32.6643,8.9801,2.4797,7493,241
2026-01-31 21:09:03,882,gemma2,score,7.9295,9.9539,2.4797,3306,0
2026-01-31 21:09:11,548,gemma2,score,5.1334,9.9539,2.4797,3306,0
2026-01-31 21:09:25,342,gemma2,generate,11.2203,8.7670,2.4797,7004,64
2026-01-31 21:09:31,801,gemma2,score,5.3654,9.8684,2.4797,3239,0
2026-01-31 21:09:43,138,gemma2,score,8.8263,9.8688,2.4797,3240,0
2026-01-31 21:09:54,480,gemma2,generate,8.8452,8.7076,2.4797,6871,76
2026-01-31 21:09:57,604,gemma2,score,2.1386,8.3588,2.4797,2061,0
2026-01-31 21:10:01,305,gemma2,score,2.1832,8.3601,2.4797,2062,0
2026-01-31 21:10:26,304,gemma2,generate,23.5127,7.6723,2.4796,4515,245
2026-01-31 21:10:31,204,gemma2,score,4.8157,8.3588,2.4796,2061,0
2026-01-31 21:10:34,838,gemma2,score,2.1727,8.3601,2.4796,2062,0
2026-01-31 21:10:59,749,gemma2,generate,23.4643,7.6723,2.4796,4515,230
2026-01-31 21:11:02,010,gemma2,score,2.1114,8.3900,2.4796,2085,0
2026-01-31 21:11:05,593,gemma2,score,2.1200,8.3900,2.4796,2085,0
2026-01-31 21:11:35,228,gemma2,generate,28.1561,7.6923,2.4796,4562,279
2026-01-31 21:11:41,259,gemma2,score,5.8220,8.3900,2.4800,2085,0
2026-01-31 21:11:45,045,gemma2,score,2.3460,8.3900,2.4800,2085,0
2026-01-31 21:12:18,329,gemma2,generate,31.8967,7.6923,2.4800,4562,312
2026-01-31 21:12:27,391,gemma2,score,8.8796,10.2051,2.4800,3501,0
2026-01-31 21:12:33,976,gemma2,score,3.9105,10.2053,2.4800,3502,0
2026-01-31 21:12:47,141,gemma2,generate,10.5137,8.9368,2.4800,7395,81
2026-01-31 21:12:48,965,gemma2,score,0.2394,6.6134,2.4800,695,0
2026-01-31 21:12:49,196,gemma2,score,0.2277,6.6326,2.4800,711,0
2026-01-31 21:13:19,139,gemma2,generate,29.9397,6.5367,2.4799,1798,329
2026-01-31 21:13:19,612,gemma2,score,0.2263,6.6134,2.4799,695,0
2026-01-31 21:13:19,849,gemma2,score,0.2332,6.6326,2.4799,711,0
2026-01-31 21:13:59,982,gemma2,generate,40.1305,6.5367,2.4799,1798,441
2026-01-31 21:14:05,612,gemma2,score,5.3765,8.6047,2.4799,2252,0
2026-01-31 21:14:09,658,gemma2,score,2.3921,8.6047,2.4799,2252,0
2026-01-31 21:14:17,886,gemma2,generate,6.6153,7.8382,2.4799,4896,65
2026-01-31 21:14:23,839,gemma2,score,5.7931,8.4748,2.4799,2149,0
2026-01-31 21:14:28,147,gemma2,score,2.7818,8.4773,2.4799,2152,0
2026-01-31 21:14:38,993,gemma2,generate,9.2945,7.7494,2.4799,4693,86
2026-01-31 21:14:43,770,gemma2,score,4.6764,9.0284,2.4799,2580,0
2026-01-31 21:14:48,279,gemma2,score,2.6626,9.0290,2.4799,2581,0
2026-01-31 21:15:11,380,gemma2,generate,21.1928,8.1260,2.4799,5553,245
2026-01-31 21:15:14,051,gemma2,score,2.2814,8.5673,2.4799,2223,0
2026-01-31 21:15:17,841,gemma2,score,2.2219,8.5685,2.4799,2224,0
2026-01-31 21:15:43,927,gemma2,generate,24.4969,7.8131,2.4799,4839,283
2026-01-31 21:15:48,553,gemma2,score,4.5009,8.5673,2.4799,2223,0
2026-01-31 21:15:56,371,gemma2,score,6.2557,8.5685,2.4799,2224,0
2026-01-31 21:16:25,638,gemma2,generate,27.5162,7.8131,2.4799,4839,241
2026-01-31 21:16:27,611,gemma2,score,1.7298,7.9297,2.4799,1724,0
2026-01-31 21:16:28,991,gemma2,score,0.9656,7.9319,2.4799,1726,0
2026-01-31 21:16:59,858,gemma2,generate,30.4407,7.3643,2.4799,3842,259
2026-01-31 21:17:01,651,gemma2,score,1.4492,8.0115,2.4799,1789,0
2026-01-31 21:17:03,036,gemma2,score,0.9554,8.0011,2.4799,1781,0
2026-01-31 21:17:38,244,gemma2,generate,34.7894,7.4175,2.4799,3962,305
2026-01-31 21:17:39,976,gemma2,score,1.4070,7.9263,2.4799,1721,0
2026-01-31 21:17:41,341,gemma2,score,0.9464,7.9163,2.4799,1713,0
2026-01-31 21:18:08,179,gemma2,generate,26.4131,7.3574,2.4799,3826,272
2026-01-31 21:18:10,117,gemma2,score,1.6851,7.8863,2.4799,1690,0
2026-01-31 21:18:11,427,gemma2,score,0.8744,7.8893,2.4799,1693,0
2026-01-31 21:18:37,517,gemma2,generate,25.7255,7.3363,2.4799,3775,281
2026-01-31 21:18:39,094,gemma2,score,1.3896,7.8863,2.4799,1690,0
2026-01-31 21:18:40,460,gemma2,score,0.8962,7.8893,2.4799,1693,0
2026-01-31 21:18:50,607,gemma2,generate,9.7866,7.3363,2.4799,3775,97
2026-01-31 21:55:15,778,qwen-coder,score,0.5976,6.3950,2.3655,1905,0
2026-01-31 21:55:19,846,qwen-coder,generate,4.0600,5.9985,2.3655,4218,50
2026-01-31 21:55:20,292,qwen-coder,score,0.3573,6.3950,2.3655,1905,0
2026-01-31 21:55:23,753,qwen-coder,generate,3.4582,5.9985,2.3655,4218,49
2026-01-31 21:55:24,257,qwen-coder,score,0.3581,6.3940,2.3655,1903,0
2026-01-31 21:55:27,049,qwen-coder,generate,2.7882,5.9979,2.3655,4215,48
2026-01-31 21:55:27,614,qwen-coder,score,0.3554,6.3940,2.3655,1903,0
2026-01-31 21:55:30,680,qwen-coder,generate,3.0622,5.9979,2.3655,4215,50
2026-01-31 21:55:31,194,qwen-coder,score,0.3134,6.1756,2.3655,1551,0
2026-01-31 21:55:37,268,qwen-coder,generate,6.0706,5.8736,2.3655,3510,78
2026-01-31 21:55:37,770,qwen-coder,score,0.3127,6.1756,2.3655,1551,0
2026-01-31 21:55:45,349,qwen-coder,generate,7.5760,5.8736,2.3655,3510,119
2026-01-31 21:55:45,822,qwen-coder,score,0.1516,5.4883,2.3662,450,0
2026-01-31 21:55:45,955,qwen-coder,score,0.1272,5.4815,2.3662,439,0
2026-01-31 21:55:50,202,qwen-coder,generate,4.2418,5.5470,2.3662,1292,73
2026-01-31 21:56:25,236,deepseek-r1,score,0.5758,6.3974,2.3755,1905,0
2026-01-31 21:56:59,055,deepseek-r1,generate,33.8149,5.9937,2.3758,4194,602
2026-01-31 21:56:59,492,deepseek-r1,score,0.3566,6.3974,2.3758,1905,0
2026-01-31 21:57:40,205,deepseek-r1,generate,40.7091,5.9937,2.3758,4194,680
2026-01-31 21:57:40,703,deepseek-r1,score,0.3541,6.3963,2.3758,1903,0
2026-01-31 21:58:27,288,deepseek-r1,generate,46.5819,5.9931,2.3758,4191,791
2026-01-31 21:58:27,850,deepseek-r1,score,0.3546,6.3963,2.3758,1903,0
2026-01-31 21:59:01,379,deepseek-r1,generate,33.5246,5.9931,2.3756,4191,565
2026-01-31 21:59:01,892,deepseek-r1,score,0.3128,6.1772,2.3756,1551,0
2026-01-31 21:59:43,463,deepseek-r1,generate,41.5668,5.8733,2.3756,3486,722
2026-01-31 21:59:43,962,deepseek-r1,score,0.3120,6.1772,2.3756,1551,0
2026-01-31 22:00:23,677,deepseek-r1,generate,39.7112,5.8733,2.3756,3486,667
2026-01-31 22:00:24,113,deepseek-r1,score,0.1257,5.4893,2.3756,450,0
2026-01-31 22:00:24,244,deepseek-r1,score,0.1259,5.4825,2.3756,439,0
2026-01-31 22:00:55,026,deepseek-r1,generate,30.7766,5.5347,2.3756,1268,547
2026-01-31 22:01:34,962,llama3.1,score,0.5877,6.3883,2.4196,1754,0
2026-01-31 22:01:53,666,llama3.1,generate,18.6951,6.2436,2.4196,3917,276
2026-01-31 22:01:54,134,llama3.1,score,0.3840,6.3883,2.4196,1754,0
2026-01-31 22:02:16,671,llama3.1,generate,22.5333,6.2436,2.4196,3917,367
2026-01-31 22:02:17,208,llama3.1,score,0.3906,6.3843,2.4196,1746,0
2026-01-31 22:02:44,842,llama3.1,generate,27.6296,6.2410,2.4196,3902,415
2026-01-31 22:02:45,441,llama3.1,score,0.3930,6.3843,2.4196,1746,0
2026-01-31 22:02:58,742,llama3.1,generate,13.2967,6.2410,2.4196,3902,200
2026-01-31 22:02:59,246,llama3.1,score,0.3099,6.1688,2.4196,1415,0
2026-01-31 22:03:27,223,llama3.1,generate,27.9730,6.0987,2.4196,3241,441
2026-01-31 22:03:27,722,llama3.1,score,0.3105,6.1688,2.4196,1415,0
2026-01-31 22:03:48,160,llama3.1,generate,20.4338,6.0987,2.4193,3241,328
2026-01-31 22:03:48,618,llama3.1,score,0.1350,5.5567,2.4193,395,0
2026-01-31 22:03:48,761,llama3.1,score,0.1342,5.5525,2.4193,388,0
2026-01-31 22:04:09,435,llama3.1,generate,20.6651,5.6766,2.4193,1191,321
2026-01-31 22:04:59,821,gemma2,score,1.2957,8.3576,2.5236,2060,0
2026-01-31 22:05:31,789,gemma2,generate,31.4695,7.6713,2.5236,4513,274
2026-01-31 22:05:34,355,gemma2,score,2.4849,8.3576,2.5236,2060,0
2026-01-31 22:06:08,833,gemma2,generate,33.6135,7.6713,2.5236,4513,315
2026-01-31 22:06:12,216,gemma2,score,3.2361,8.3878,2.5236,2083,0
2026-01-31 22:06:25,316,gemma2,generate,12.2395,7.6922,2.5236,4560,89
2026-01-31 22:06:26,987,gemma2,score,1.4525,8.3878,2.5236,2083,0
2026-01-31 22:06:38,940,gemma2,generate,11.0880,7.6922,2.5236,4560,109
2026-01-31 22:06:40,930,gemma2,score,1.7904,7.8841,2.5236,1688,0
2026-01-31 22:07:05,976,gemma2,generate,24.3838,7.3348,2.5236,3770,227
2026-01-31 22:07:08,126,gemma2,score,1.9601,7.8841,2.5236,1688,0
2026-01-31 22:07:36,535,gemma2,generate,27.7439,7.3348,2.5236,3770,274
2026-01-31 22:07:37,045,gemma2,score,0.1935,6.3654,2.5236,502,0
2026-01-31 22:07:37,243,gemma2,score,0.1951,6.3517,2.5236,491,0
2026-01-31 22:08:03,743,gemma2,generate,26.4977,6.3718,2.5236,1385,270
2026-01-31 23:00:04,294,qwen-coder,score,2.1984,7.5388,2.2433,3751,0
2026-01-31 23:00:08,027,qwen-coder,score,2.1153,7.5431,2.2433,3757,0
2026-01-31 23:00:12,911,qwen-coder,generate,3.2286,6.6881,2.2433,7911,38
2026-01-31 23:00:18,880,qwen-coder,generate,5.7586,5.5676,2.2433,1432,102
2026-01-31 23:00:23,552,qwen-coder,score,4.4672,7.5388,2.2433,3751,0
2026-01-31 23:00:28,178,qwen-coder,score,3.0381,7.5431,2.2433,3757,0
2026-01-31 23:00:37,237,qwen-coder,generate,7.4132,6.6881,2.2433,7911,85
2026-01-31 23:00:41,880,qwen-coder,generate,4.4282,5.5676,2.2433,1432,71
2026-01-31 23:00:42,239,qwen-coder,score,0.1540,5.5348,2.2433,520,0
2026-01-31 23:00:42,398,qwen-coder,score,0.1530,5.5348,2.2433,520,0
2026-01-31 23:00:46,415,qwen-coder,generate,4.0098,5.5670,2.2433,1443,56
2026-01-31 23:00:46,982,qwen-coder,score,0.1547,5.5676,2.2433,573,0
2026-01-31 23:00:47,142,qwen-coder,score,0.1533,5.5676,2.2433,573,0
2026-01-31 23:00:49,945,qwen-coder,generate,2.7965,5.5787,2.2433,1549,41
2026-01-31 23:00:50,495,qwen-coder,score,0.1538,5.5676,2.2433,573,0
2026-01-31 23:00:50,656,qwen-coder,score,0.1544,5.5676,2.2433,573,0
2026-01-31 23:00:53,802,qwen-coder,generate,3.1397,5.5787,2.2433,1549,47
2026-01-31 23:00:55,149,qwen-coder,score,0.9444,7.3103,2.2433,3370,0
2026-01-31 23:00:55,984,qwen-coder,score,0.6507,7.3113,2.2433,3373,0
2026-01-31 23:01:01,958,qwen-coder,generate,5.8114,6.5454,2.2433,7146,67
2026-01-31 23:01:04,202,qwen-coder,score,1.9433,7.4536,2.2433,3613,0
2026-01-31 23:01:10,161,qwen-coder,generate,4.4075,6.6346,2.2433,7623,51
2026-01-31 23:01:16,243,qwen-coder,generate,5.9748,5.4711,2.2433,873,96
2026-01-31 23:01:20,174,qwen-coder,score,3.8298,7.4536,2.2433,3613,0
2026-01-31 23:01:25,922,qwen-coder,generate,4.2437,6.6346,2.2433,7623,46
2026-01-31 23:01:30,266,qwen-coder,generate,4.2373,5.4711,2.2433,873,65
2026-01-31 23:01:30,930,qwen-coder,score,0.5490,6.9825,2.2433,2844,0
2026-01-31 23:01:35,404,qwen-coder,generate,4.4355,6.3580,2.2433,6086,49
2026-01-31 23:01:41,049,qwen-coder,generate,5.5313,5.4628,2.2433,818,80
2026-01-31 23:01:41,721,qwen-coder,score,0.5524,6.9852,2.2433,2848,0
2026-01-31 23:01:45,910,qwen-coder,generate,4.1621,6.3591,2.2433,6094,52
2026-01-31 23:01:51,773,qwen-coder,generate,5.7428,5.4628,2.2433,818,90
2026-01-31 23:01:52,159,qwen-coder,score,0.1884,5.7505,2.2433,868,0
2026-01-31 23:01:52,357,qwen-coder,score,0.1895,5.7523,2.2433,871,0
2026-01-31 23:01:55,401,qwen-coder,generate,3.0367,5.6663,2.2433,2142,42
2026-01-31 23:01:59,390,qwen-coder,generate,3.7959,5.4379,2.2433,642,59
2026-01-31 23:01:59,775,qwen-coder,score,0.1887,5.7505,2.2433,868,0
2026-01-31 23:01:59,971,qwen-coder,score,0.1882,5.7523,2.2433,871,0
2026-01-31 23:02:04,431,qwen-coder,generate,4.4512,5.6663,2.2433,2142,62
2026-01-31 23:02:09,190,qwen-coder,generate,4.5599,5.4379,2.2433,642,73
2026-01-31 23:02:09,938,qwen-coder,score,0.6468,7.1603,2.2433,3131,0
2026-01-31 23:02:14,102,qwen-coder,generate,4.0503,6.4555,2.2433,6661,46
2026-01-31 23:02:14,868,qwen-coder,score,0.5535,7.0319,2.2433,2925,0
2026-01-31 23:02:18,847,qwen-coder,generate,3.9358,6.3802,2.2433,6250,50
2026-01-31 23:02:19,350,qwen-coder,score,0.3547,6.4027,2.2433,1913,0
2026-01-31 23:02:22,793,qwen-coder,generate,3.4392,6.0026,2.2433,4226,42
2026-01-31 23:02:23,229,qwen-coder,score,0.3550,6.4027,2.2433,1913,0
2026-01-31 23:02:27,296,qwen-coder,generate,4.0641,6.0026,2.2433,4226,56
2026-01-31 23:02:27,797,qwen-coder,score,0.3541,6.4021,2.2433,1912,0
2026-01-31 23:02:30,822,qwen-coder,generate,3.0213,6.0013,2.2433,4224,41
2026-01-31 23:02:35,564,qwen-coder,generate,4.6330,5.4488,2.2433,719,71
2026-01-31 23:02:36,034,qwen-coder,score,0.3593,6.4021,2.2433,1912,0
2026-01-31 23:02:40,734,qwen-coder,generate,4.6967,6.0013,2.2433,4224,61
2026-01-31 23:02:44,343,qwen-coder,generate,3.4968,5.4488,2.2433,719,55
2026-01-31 23:02:45,032,qwen-coder,score,0.6003,7.1474,2.2433,3108,0
2026-01-31 23:02:50,122,qwen-coder,generate,4.9703,6.4485,2.2433,6621,64
2026-01-31 23:02:50,498,qwen-coder,score,0.1671,5.6141,2.2433,648,0
2026-01-31 23:02:54,300,qwen-coder,generate,3.7949,5.5971,2.2433,1684,58
2026-01-31 23:03:00,461,qwen-coder,generate,6.0301,5.4222,2.2433,547,94
2026-01-31 23:03:00,761,qwen-coder,score,0.1667,5.6141,2.2433,648,0
2026-01-31 23:03:03,998,qwen-coder,generate,3.2304,5.5971,2.2433,1684,47
2026-01-31 23:03:08,085,qwen-coder,generate,3.9527,5.4222,2.2433,547,57
2026-01-31 23:03:08,578,qwen-coder,score,0.3817,6.4779,2.2433,2038,0
2026-01-31 23:03:12,588,qwen-coder,generate,4.0068,6.0489,2.2433,4480,51
2026-01-31 23:03:13,113,qwen-coder,score,0.3762,6.4142,2.2433,1934,0
2026-01-31 23:03:19,169,qwen-coder,generate,6.0514,6.0102,2.2433,4272,86
2026-01-31 23:03:19,703,qwen-coder,score,0.4352,6.6209,2.2433,2265,0
2026-01-31 23:03:23,907,qwen-coder,generate,4.2006,6.1386,2.2433,4937,52
2026-01-31 23:03:27,243,qwen-coder,generate,3.2688,5.4730,2.2433,885,50
2026-01-31 23:03:27,872,qwen-coder,score,0.5484,7.0234,2.2433,2911,0
2026-01-31 23:03:28,451,qwen-coder,score,0.5523,7.0203,2.2433,2906,0
2026-01-31 23:03:32,980,qwen-coder,generate,4.5185,6.3762,2.2433,6220,52
2026-01-31 23:04:15,282,deepseek-r1,score,2.1931,7.5323,2.2328,3751,0
2026-01-31 23:04:19,016,deepseek-r1,score,2.1375,7.5365,2.2319,3757,0
2026-01-31 23:04:48,230,deepseek-r1,generate,27.5364,6.6764,2.2302,7887,513
2026-01-31 23:05:33,552,deepseek-r1,generate,45.1116,5.5537,2.2302,1408,916
2026-01-31 23:05:38,669,deepseek-r1,score,4.9138,7.5323,2.2302,3751,0
2026-01-31 23:05:42,480,deepseek-r1,score,2.1957,7.5365,2.2302,3757,0
2026-01-31 23:06:27,715,deepseek-r1,generate,43.5771,6.6764,2.2302,7887,879
2026-01-31 23:06:50,957,deepseek-r1,generate,23.0268,5.5537,2.2302,1408,459
2026-01-31 23:06:51,288,deepseek-r1,score,0.1522,5.5275,2.2302,520,0
2026-01-31 23:06:51,447,deepseek-r1,score,0.1531,5.5275,2.2302,520,0
2026-01-31 23:07:41,483,deepseek-r1,generate,50.0299,5.5554,2.2302,1419,1010
2026-01-31 23:07:42,036,deepseek-r1,score,0.1543,5.5603,2.2302,573,0
2026-01-31 23:07:42,195,deepseek-r1,score,0.1528,5.5603,2.2302,573,0
2026-01-31 23:09:02,127,deepseek-r1,generate,79.9261,5.5742,2.2302,1525,1630
2026-01-31 23:09:02,673,deepseek-r1,score,0.1526,5.5603,2.2302,573,0
2026-01-31 23:09:02,831,deepseek-r1,score,0.1523,5.5603,2.2302,573,0
2026-01-31 23:09:46,530,deepseek-r1,generate,43.6926,5.5742,2.2302,1525,873
2026-01-31 23:09:51,081,deepseek-r1,score,4.1447,7.3032,2.2302,3370,0
2026-01-31 23:09:54,316,deepseek-r1,score,1.8393,7.3036,2.2302,3373,0
2026-01-31 23:10:26,104,deepseek-r1,generate,30.4072,6.5349,2.2302,7122,580
2026-01-31 23:10:30,274,deepseek-r1,score,3.8650,7.4479,2.2302,3613,0
2026-01-31 23:10:55,777,deepseek-r1,generate,23.9496,6.6231,2.2302,7599,475
2026-01-31 23:11:56,334,deepseek-r1,generate,60.4503,5.4602,2.2302,849,1082
2026-01-31 23:12:02,070,deepseek-r1,score,5.6314,7.4479,2.2302,3613,0
2026-01-31 23:12:29,394,deepseek-r1,generate,25.7207,6.6231,2.2302,7599,444
2026-01-31 23:13:06,954,deepseek-r1,generate,37.4567,5.4602,2.2299,849,645
2026-01-31 23:13:07,627,deepseek-r1,score,0.5559,6.9752,2.2299,2844,0
2026-01-31 23:13:44,912,deepseek-r1,generate,37.2456,6.3463,2.2299,6062,631
2026-01-31 23:14:31,790,deepseek-r1,generate,46.7601,5.4523,2.2298,794,778
2026-01-31 23:14:32,461,deepseek-r1,score,0.5482,6.9779,2.2298,2848,0
2026-01-31 23:15:17,640,deepseek-r1,generate,45.1382,6.3472,2.2298,6070,806
2026-01-31 23:16:43,355,deepseek-r1,generate,85.5920,5.4523,2.2297,794,1481
2026-01-31 23:16:43,745,deepseek-r1,score,0.1899,5.7432,2.2297,868,0
2026-01-31 23:16:43,943,deepseek-r1,score,0.1895,5.7450,2.2297,871,0
2026-01-31 23:17:32,444,deepseek-r1,generate,48.4934,5.6551,2.2297,2118,946
2026-01-31 23:17:54,159,deepseek-r1,generate,21.5125,5.4254,2.2295,618,425
2026-01-31 23:17:54,549,deepseek-r1,score,0.1889,5.7432,2.2295,868,0
2026-01-31 23:17:54,746,deepseek-r1,score,0.1885,5.7450,2.2295,871,0
2026-01-31 23:18:42,490,deepseek-r1,generate,47.7357,5.6551,2.2295,2118,969
2026-01-31 23:19:05,839,deepseek-r1,generate,23.1408,5.4254,2.2294,618,452
2026-01-31 23:19:12,031,deepseek-r1,score,6.0919,7.1515,2.2294,3131,0
2026-01-31 23:19:48,658,deepseek-r1,generate,35.1727,6.4446,2.2294,6637,695
2026-01-31 23:19:49,448,deepseek-r1,score,0.5779,7.0248,2.2294,2925,0
2026-01-31 23:20:23,237,deepseek-r1,generate,33.6745,6.3697,2.2293,6226,659
2026-01-31 23:20:23,745,deepseek-r1,score,0.3548,6.3950,2.2293,1913,0
2026-01-31 23:20:54,215,deepseek-r1,generate,30.4633,5.9895,2.2293,4202,612
2026-01-31 23:20:54,650,deepseek-r1,score,0.3548,6.3950,2.2293,1913,0
2026-01-31 23:21:44,003,deepseek-r1,generate,49.3470,5.9895,2.2291,4202,985
2026-01-31 23:21:44,507,deepseek-r1,score,0.3568,6.3945,2.2291,1912,0
2026-01-31 23:22:20,787,deepseek-r1,generate,36.2742,5.9892,2.2291,4200,722
2026-01-31 23:22:55,709,deepseek-r1,generate,34.8097,5.4379,2.2291,695,712
2026-01-31 23:22:56,179,deepseek-r1,score,0.3552,6.3945,2.2291,1912,0
2026-01-31 23:23:31,925,deepseek-r1,generate,35.7394,5.9892,2.2291,4200,635
2026-01-31 23:23:53,388,deepseek-r1,generate,21.3569,5.4379,2.2290,695,389
2026-01-31 23:23:58,587,deepseek-r1,score,5.1151,7.1398,2.2290,3108,0
2026-01-31 23:24:45,419,deepseek-r1,generate,45.4869,6.4379,2.2290,6597,728
2026-01-31 23:24:45,801,deepseek-r1,score,0.1682,5.6068,2.2289,648,0
2026-01-31 23:26:18,762,deepseek-r1,generate,92.9548,5.5889,2.2287,1660,1676
2026-01-31 23:26:43,992,deepseek-r1,generate,25.1003,5.4114,2.2287,523,434
2026-01-31 23:26:44,303,deepseek-r1,score,0.1731,5.6068,2.2287,648,0
2026-01-31 23:27:34,823,deepseek-r1,generate,50.5144,5.5889,2.2284,1660,892
2026-01-31 23:29:32,437,deepseek-r1,generate,117.4806,5.4114,2.2283,523,2048
2026-01-31 23:29:32,923,deepseek-r1,score,0.3788,6.4715,2.2283,2038,0
2026-01-31 23:30:11,858,deepseek-r1,generate,38.9286,6.0391,2.2280,4456,689
2026-01-31 23:30:12,383,deepseek-r1,score,0.3803,6.4068,2.2280,1934,0
2026-01-31 23:31:21,597,deepseek-r1,generate,69.2072,5.9976,2.2279,4248,1206
2026-01-31 23:31:22,139,deepseek-r1,score,0.4379,6.6161,2.2279,2265,0
2026-01-31 23:31:54,555,deepseek-r1,generate,32.4096,6.1292,2.2279,4913,585
2026-01-31 23:32:10,887,deepseek-r1,generate,16.2667,5.4620,2.2276,861,295
2026-01-31 23:32:11,741,deepseek-r1,score,0.7715,7.0163,2.2276,2911,0
2026-01-31 23:32:12,496,deepseek-r1,score,0.5567,7.0133,2.2276,2906,0
2026-01-31 23:32:55,473,deepseek-r1,generate,42.8692,6.3660,2.2276,6196,731
2026-01-31 23:33:42,728,llama3.1,score,0.9636,7.4129,2.2590,3489,0
2026-01-31 23:33:43,478,llama3.1,score,0.7426,7.4164,2.2590,3495,0
2026-01-31 23:34:06,897,llama3.1,generate,23.4146,7.0448,2.2590,7392,407
2026-01-31 23:34:27,998,llama3.1,generate,20.8892,5.7267,2.2590,1439,372
2026-01-31 23:34:28,937,llama3.1,score,0.7356,7.4129,2.2590,3489,0
2026-01-31 23:34:29,679,llama3.1,score,0.7385,7.4164,2.2590,3495,0
2026-01-31 23:34:50,873,llama3.1,generate,21.1893,7.0448,2.2590,7392,318
2026-01-31 23:35:11,989,llama3.1,generate,20.8996,5.7267,2.2590,1439,330
2026-01-31 23:35:12,342,llama3.1,score,0.1415,5.6179,2.2590,497,0
2026-01-31 23:35:12,485,llama3.1,score,0.1337,5.6179,2.2590,497,0
2026-01-31 23:35:32,878,llama3.1,generate,20.3845,5.7191,2.2590,1402,339
2026-01-31 23:35:33,431,llama3.1,score,0.1524,5.6609,2.2590,543,0
2026-01-31 23:35:33,586,llama3.1,score,0.1521,5.6609,2.2590,543,0
2026-01-31 23:35:54,990,llama3.1,generate,21.4012,5.7392,2.2590,1494,337
2026-01-31 23:35:55,552,llama3.1,score,0.1547,5.6609,2.2590,543,0
2026-01-31 23:35:55,708,llama3.1,score,0.1528,5.6609,2.2590,543,0
2026-01-31 23:36:12,296,llama3.1,generate,16.5854,5.7392,2.2590,1494,257
2026-01-31 23:36:13,340,llama3.1,score,0.6425,7.1933,2.2590,3123,0
2026-01-31 23:36:13,990,llama3.1,score,0.6459,7.1950,2.2590,3126,0
2026-01-31 23:36:42,929,llama3.1,generate,28.9352,6.8732,2.2590,6657,497
2026-01-31 23:36:43,890,llama3.1,score,0.6622,7.2568,2.2590,3229,0
2026-01-31 23:36:56,780,llama3.1,generate,12.8861,6.9205,2.2589,6860,210
2026-01-31 23:37:16,225,llama3.1,generate,19.3396,5.6289,2.2589,880,339
2026-01-31 23:37:16,977,llama3.1,score,0.6584,7.2568,2.2589,3229,0
2026-01-31 23:37:35,625,llama3.1,generate,18.6432,6.9205,2.2589,6860,330
2026-01-31 23:37:56,022,llama3.1,generate,20.2927,5.6289,2.2589,880,389
2026-01-31 23:37:56,649,llama3.1,score,0.5167,6.8525,2.2589,2555,0
2026-01-31 23:38:13,568,llama3.1,generate,16.9132,6.6057,2.2589,5513,296
2026-01-31 23:38:35,064,llama3.1,generate,21.3771,5.6237,2.2589,825,385
2026-01-31 23:38:35,692,llama3.1,score,0.5160,6.8537,2.2589,2557,0
2026-01-31 23:38:58,170,llama3.1,generate,22.4739,6.6066,2.2589,5517,400
2026-01-31 23:39:13,945,llama3.1,generate,15.6586,5.6237,2.2589,825,278
2026-01-31 23:39:14,350,llama3.1,score,0.2038,5.8311,2.2589,811,0
2026-01-31 23:39:14,557,llama3.1,score,0.2034,5.8326,2.2589,814,0
2026-01-31 23:39:35,143,llama3.1,generate,20.5827,5.8519,2.2589,2033,326
2026-01-31 23:40:08,096,llama3.1,generate,32.7540,5.5684,2.2589,649,522
2026-01-31 23:40:08,489,llama3.1,score,0.2007,5.8311,2.2589,811,0
2026-01-31 23:40:08,694,llama3.1,score,0.2013,5.8326,2.2589,814,0
2026-01-31 23:40:32,953,llama3.1,generate,24.2557,5.8519,2.2589,2033,376
2026-01-31 23:40:57,973,llama3.1,generate,24.8246,5.5684,2.2589,649,381
2026-01-31 23:40:58,656,llama3.1,score,0.5873,7.0039,2.2589,2806,0
2026-01-31 23:41:22,905,llama3.1,generate,24.2452,6.7235,2.2589,6016,370
2026-01-31 23:41:23,653,llama3.1,score,0.5360,6.9113,2.2589,2653,0
2026-01-31 23:41:46,838,llama3.1,generate,23.1814,6.6519,2.2588,5711,347
2026-01-31 23:41:47,381,llama3.1,score,0.3858,6.3932,2.2588,1758,0
2026-01-31 23:42:08,891,llama3.1,generate,21.5060,6.2451,2.2588,3921,326
2026-01-31 23:42:09,351,llama3.1,score,0.3824,6.3932,2.2588,1758,0
2026-01-31 23:42:24,411,llama3.1,generate,15.0552,6.2451,2.2588,3921,219
2026-01-31 23:42:24,940,llama3.1,score,0.3836,6.3895,2.2588,1751,0
2026-01-31 23:43:00,970,llama3.1,generate,36.0262,6.2419,2.2588,3907,554
2026-01-31 23:43:27,086,llama3.1,generate,26.0082,5.5829,2.2588,726,417
2026-01-31 23:43:27,572,llama3.1,score,0.3830,6.3895,2.2588,1751,0
2026-01-31 23:43:48,848,llama3.1,generate,21.2710,6.2419,2.2588,3907,332
2026-01-31 23:44:07,289,llama3.1,generate,18.3335,5.5829,2.2588,726,297
2026-01-31 23:44:07,971,llama3.1,score,0.6027,7.0237,2.2588,2839,0
2026-01-31 23:44:22,029,llama3.1,generate,14.0537,6.7408,2.2588,6088,189
2026-01-31 23:44:22,390,llama3.1,score,0.1478,5.6991,2.2588,616,0
2026-01-31 23:44:52,678,llama3.1,generate,30.2852,5.7924,2.2588,1625,450
2026-01-31 23:45:17,689,llama3.1,generate,24.8834,5.5592,2.2588,554,389
2026-01-31 23:45:17,970,llama3.1,score,0.1492,5.6991,2.2588,616,0
2026-01-31 23:45:35,195,llama3.1,generate,17.2216,5.7924,2.2588,1625,270
2026-01-31 23:46:02,331,llama3.1,generate,27.0061,5.5592,2.2587,554,426
2026-01-31 23:46:02,822,llama3.1,score,0.3875,6.4219,2.2587,1805,0
2026-01-31 23:46:22,849,llama3.1,generate,20.0230,6.2622,2.2587,4019,300
2026-01-31 23:46:23,378,llama3.1,score,0.3840,6.4045,2.2587,1776,0
2026-01-31 23:46:43,245,llama3.1,generate,19.8638,6.2524,2.2587,3961,299
2026-01-31 23:46:43,762,llama3.1,score,0.4133,6.5058,2.2587,1964,0
2026-01-31 23:47:05,656,llama3.1,generate,21.8901,6.3338,2.2587,4340,329
2026-01-31 23:47:22,606,llama3.1,generate,16.8816,5.6298,2.2587,892,268
2026-01-31 23:47:23,268,llama3.1,score,0.5878,6.9791,2.2587,2766,0
2026-01-31 23:47:23,859,llama3.1,score,0.5877,6.9761,2.2587,2761,0
2026-01-31 23:47:47,857,llama3.1,generate,23.9934,6.7050,2.2587,5935,368
2026-01-31 23:49:00,949,gemma2,score,6.7807,10.9652,2.4258,4096,0
2026-01-31 23:49:12,546,gemma2,score,7.1290,10.9652,2.4258,4096,0
2026-01-31 23:49:39,260,gemma2,generate,21.6691,9.5461,2.4258,8768,189
2026-01-31 23:50:13,567,gemma2,generate,31.6863,6.3861,2.4258,1422,361
2026-01-31 23:50:20,911,gemma2,score,7.1447,10.9652,2.4258,4096,0
2026-01-31 23:50:41,176,gemma2,score,15.2836,10.9652,2.4258,4096,0
2026-01-31 23:50:59,863,gemma2,generate,13.5448,9.5461,2.4258,8768,93
2026-01-31 23:51:44,889,gemma2,generate,42.4805,6.3861,2.4258,1422,487
2026-01-31 23:51:45,312,gemma2,score,0.2164,6.4974,2.4258,605,0
2026-01-31 23:51:45,538,gemma2,score,0.2167,6.4974,2.4258,605,0
2026-01-31 23:52:08,199,gemma2,generate,22.6588,6.4587,2.4258,1602,270
2026-01-31 23:52:08,844,gemma2,score,0.2347,6.5626,2.4258,657,0
2026-01-31 23:52:09,079,gemma2,score,0.2314,6.5626,2.4258,657,0
2026-01-31 23:52:21,888,gemma2,generate,12.8065,6.5034,2.4258,1706,142
2026-01-31 23:52:22,528,gemma2,score,0.2361,6.5626,2.4258,657,0
2026-01-31 23:52:22,763,gemma2,score,0.2317,6.5626,2.4258,657,0
2026-01-31 23:52:28,810,gemma2,generate,6.0441,6.5034,2.4258,1706,69
2026-01-31 23:52:38,389,gemma2,score,9.1872,10.4665,2.4258,3706,0
2026-01-31 23:52:48,884,gemma2,score,5.9595,10.4682,2.4258,3708,0
2026-01-31 23:53:08,923,gemma2,generate,15.5179,9.1213,2.4257,7806,96
2026-01-31 23:53:19,324,gemma2,score,8.0687,10.7706,2.4257,3943,0
2026-01-31 23:53:55,045,gemma2,generate,30.7406,9.3259,2.4257,8272,281
2026-01-31 23:54:24,878,gemma2,generate,27.3766,6.1635,2.4257,866,316
2026-01-31 23:54:31,138,gemma2,score,6.1610,10.7706,2.4257,3943,0
2026-01-31 23:55:07,062,gemma2,generate,31.0395,9.3259,2.4257,8272,288
2026-01-31 23:55:38,495,gemma2,generate,29.0111,6.1635,2.4257,866,295
2026-01-31 23:55:51,888,gemma2,score,13.3031,9.7484,2.4257,3146,0
2026-01-31 23:56:07,818,gemma2,generate,12.0374,8.6213,2.4257,6678,78
2026-01-31 23:56:40,881,gemma2,generate,32.0132,6.1443,2.4257,817,328
2026-01-31 23:56:52,275,gemma2,score,11.2981,9.7579,2.4257,3152,0
2026-01-31 23:57:29,813,gemma2,generate,33.7690,8.6272,2.4257,6690,332
2026-01-31 23:58:03,658,gemma2,generate,32.7632,6.1443,2.4257,817,382
2026-01-31 23:58:04,122,gemma2,score,0.2902,6.9404,2.4257,953,0
2026-01-31 23:58:04,411,gemma2,score,0.2851,6.9466,2.4257,957,0
2026-01-31 23:58:12,309,gemma2,generate,7.8946,6.7398,2.4257,2302,92
2026-01-31 23:58:54,001,gemma2,generate,41.4941,6.0861,2.4257,620,484
2026-01-31 23:58:54,492,gemma2,score,0.2904,6.9404,2.4257,953,0
2026-01-31 23:58:54,789,gemma2,score,0.2936,6.9466,2.4257,957,0
2026-01-31 23:59:16,309,gemma2,generate,21.5167,6.7398,2.4256,2302,210
2026-01-31 23:59:47,498,gemma2,generate,30.9828,6.0661,2.4256,620,325
2026-02-01 00:00:01,516,gemma2,score,13.9193,10.1320,2.4256,3443,0
2026-02-01 00:00:33,421,gemma2,generate,27.7240,8.8833,2.4256,7274,229
2026-02-01 00:00:40,191,gemma2,score,5.1921,9.9582,2.4256,3309,0
2026-02-01 00:00:55,150,gemma2,generate,10.8805,8.7662,2.4256,7007,76
2026-02-01 00:00:58,632,gemma2,score,2.2520,8.3604,2.4256,2062,0
2026-02-01 00:01:37,111,gemma2,generate,37.4517,7.6723,2.4256,4515,347
2026-02-01 00:01:40,268,gemma2,score,3.0769,8.3604,2.4256,2062,0
2026-02-01 00:02:13,728,gemma2,generate,32.4522,7.6723,2.4256,4515,311
2026-02-01 00:02:17,276,gemma2,score,3.3910,8.3910,2.4256,2086,0
2026-02-01 00:02:27,679,gemma2,generate,9.3604,7.6933,2.4256,4563,77
2026-02-01 00:03:10,129,gemma2,generate,42.3385,6.1021,2.4256,712,437
2026-02-01 00:03:15,268,gemma2,score,5.0318,8.3910,2.4256,2086,0
2026-02-01 00:03:26,887,gemma2,generate,10.5704,7.6933,2.4256,4563,79
2026-02-01 00:03:59,120,gemma2,generate,32.1214,6.1021,2.4255,712,332
2026-02-01 00:04:09,430,gemma2,score,10.2308,10.2012,2.4255,3499,0
2026-02-01 00:04:24,565,gemma2,generate,10.9248,8.9354,2.4255,7392,73
2026-02-01 00:04:27,092,gemma2,score,0.2542,6.6324,2.4255,712,0
2026-02-01 00:05:03,159,gemma2,generate,36.0630,6.5378,2.4255,1799,360
2026-02-01 00:05:32,744,gemma2,generate,29.4535,6.0355,2.4255,543,294
2026-02-01 00:05:33,100,gemma2,score,0.2292,6.6324,2.4255,712,0
2026-02-01 00:06:05,772,gemma2,generate,32.6679,6.5378,2.4255,1799,317
2026-02-01 00:06:36,710,gemma2,generate,30.8099,6.0355,2.4255,543,325
2026-02-01 00:06:41,925,gemma2,score,5.1092,8.6032,2.4255,2251,0
2026-02-01 00:07:12,830,gemma2,generate,29.6966,7.8375,2.4255,4895,287
2026-02-01 00:07:14,738,gemma2,score,1.7660,8.4702,2.4255,2148,0
2026-02-01 00:07:43,704,gemma2,generate,27.7576,7.7485,2.4255,4689,254
2026-02-01 00:07:48,300,gemma2,score,4.4965,9.0185,2.4255,2576,0
2026-02-01 00:08:21,418,gemma2,generate,31.7212,8.1238,2.4255,5548,312
2026-02-01 00:08:56,347,gemma2,generate,34.7325,6.1632,2.4255,860,348
2026-02-01 00:09:05,458,gemma2,score,9.0328,9.7479,2.4255,3145,0
2026-02-01 00:09:14,193,gemma2,score,4.8627,9.7428,2.4255,3140,0
2026-02-01 00:09:30,093,gemma2,generate,12.0148,8.6208,2.4255,6677,93
2026-02-01 00:44:48,182,qwen-coder,score,2.9717,7.5477,1.8792,3763,0
2026-02-01 00:44:52,441,qwen-coder,generate,3.6182,6.6893,1.8792,7917,47
2026-02-01 00:44:57,950,qwen-coder,generate,5.2883,5.5669,1.8792,1431,76
2026-02-01 00:45:00,682,qwen-coder,score,2.5261,7.5477,1.8792,3763,0
2026-02-01 00:45:05,151,qwen-coder,generate,3.8387,6.6893,1.8792,7917,49
2026-02-01 00:45:08,683,qwen-coder,generate,3.3162,5.5669,1.8792,1431,67
2026-02-01 00:45:09,051,qwen-coder,score,0.1564,5.5983,1.8792,622,0
2026-02-01 00:45:12,423,qwen-coder,generate,3.3654,5.5798,1.8792,1545,72
2026-02-01 00:45:15,599,qwen-coder,score,2.7677,7.3193,1.8792,3380,0
2026-02-01 00:45:20,153,qwen-coder,generate,4.0451,6.5469,1.8792,7153,49
2026-02-01 00:45:25,618,qwen-coder,generate,5.1995,5.5281,1.8785,1207,87
2026-02-01 00:45:28,269,qwen-coder,score,2.5516,7.4546,1.8785,3613,0
2026-02-01 00:45:32,867,qwen-coder,generate,4.1507,6.6345,1.8784,7623,55
2026-02-01 00:45:35,153,qwen-coder,score,2.0860,7.4546,1.8784,3613,0
2026-02-01 00:45:38,906,qwen-coder,generate,3.3297,6.6345,1.8784,7623,45
2026-02-01 00:45:39,670,qwen-coder,score,0.5519,6.9833,1.8784,2844,0
2026-02-01 00:45:43,518,qwen-coder,generate,3.8427,6.3578,1.8784,6086,51
2026-02-01 00:45:44,301,qwen-coder,score,0.5544,6.9857,1.8784,2848,0
2026-02-01 00:45:48,795,qwen-coder,generate,4.4900,6.3589,1.8784,6094,57
2026-02-01 00:45:50,090,qwen-coder,score,1.0767,7.1610,1.8784,3131,0
2026-02-01 00:45:54,359,qwen-coder,generate,4.0229,6.4554,1.8784,6661,59
2026-02-01 00:45:55,143,qwen-coder,score,0.5578,7.0332,1.8784,2925,0
2026-02-01 00:45:58,829,qwen-coder,generate,3.5549,6.3800,1.8784,6250,55
2026-02-01 00:45:59,345,qwen-coder,score,0.3580,6.4034,1.8784,1913,0
2026-02-01 00:46:02,848,qwen-coder,generate,3.4992,6.0031,1.8784,4226,45
2026-02-01 00:46:03,286,qwen-coder,score,0.3575,6.4034,1.8784,1913,0
2026-02-01 00:46:07,312,qwen-coder,generate,4.0221,6.0031,1.8784,4226,64
2026-02-01 00:46:07,817,qwen-coder,score,0.3572,6.4028,1.8784,1912,0
2026-02-01 00:46:10,609,qwen-coder,generate,2.7883,6.0028,1.8784,4224,46
2026-02-01 00:46:11,174,qwen-coder,score,0.3567,6.4028,1.8784,1912,0
2026-02-01 00:46:14,284,qwen-coder,generate,3.1057,6.0028,1.8784,4224,53
2026-02-01 00:46:15,891,qwen-coder,score,1.4170,7.1480,1.8784,3108,0
2026-02-01 00:46:21,174,qwen-coder,generate,5.0414,6.4485,1.8784,6621,57
2026-02-01 00:46:21,752,qwen-coder,score,0.3835,6.4796,1.8784,2038,0
2026-02-01 00:46:24,614,qwen-coder,generate,2.8578,6.0499,1.8784,4480,40
2026-02-01 00:46:25,010,qwen-coder,score,0.1550,5.5933,1.8784,614,0
2026-02-01 00:46:28,347,qwen-coder,generate,3.3312,5.5947,1.8784,1650,62
2026-02-01 00:46:32,885,qwen-coder,generate,4.4114,5.4222,1.8784,543,69
2026-02-01 00:46:33,178,qwen-coder,score,0.1565,5.5933,1.8784,614,0
2026-02-01 00:46:37,574,qwen-coder,generate,4.3888,5.5947,1.8783,1650,76
2026-02-01 00:46:41,809,qwen-coder,generate,4.0992,5.4222,1.8783,543,86
2026-02-01 00:46:42,231,qwen-coder,score,0.3780,6.4149,1.8783,1934,0
2026-02-01 00:46:45,697,qwen-coder,generate,3.4621,6.0113,1.8782,4272,49
2026-02-01 00:46:46,238,qwen-coder,score,0.4408,6.6211,1.8782,2265,0
2026-02-01 00:46:50,323,qwen-coder,generate,4.0814,6.1388,1.8782,4937,53
2026-02-01 00:46:51,289,qwen-coder,score,0.8307,7.0217,1.8782,2906,0
2026-02-01 00:46:56,403,qwen-coder,generate,4.9663,6.3764,1.8782,6220,70
2026-02-01 00:46:56,931,qwen-coder,score,0.3823,6.4300,1.8782,1961,0
2026-02-01 00:46:59,983,qwen-coder,generate,3.0489,6.0226,1.8782,4329,43
2026-02-01 00:47:00,497,qwen-coder,score,0.3800,6.4300,1.8782,1961,0
2026-02-01 00:47:04,168,qwen-coder,generate,3.6675,6.0226,1.8782,4329,51
2026-02-01 00:47:04,707,qwen-coder,score,0.3151,6.1871,1.8782,1561,0
2026-02-01 00:47:08,582,qwen-coder,generate,3.8712,5.8795,1.8782,3533,47
2026-02-01 00:47:09,299,qwen-coder,score,0.4548,6.7032,1.8782,2404,0
2026-02-01 00:47:09,761,qwen-coder,score,0.4583,6.7025,1.8782,2403,0
2026-02-01 00:47:13,501,qwen-coder,generate,3.7370,6.1850,1.8782,5210,48
2026-02-01 00:49:30,497,deepseek-r1,score,7.9256,7.5442,1.8024,3763,0
2026-02-01 00:49:59,400,deepseek-r1,generate,26.7432,6.6815,1.8019,7893,430
2026-02-01 00:50:50,572,deepseek-r1,generate,50.9608,5.5571,1.8019,1407,953
2026-02-01 00:51:05,767,deepseek-r1,score,14.9862,7.5442,1.8019,3763,0
2026-02-01 00:51:45,805,deepseek-r1,generate,37.7418,6.6815,1.8023,7893,675
2026-02-01 00:52:15,259,deepseek-r1,generate,29.2386,5.5571,1.8023,1407,567
2026-02-01 00:52:15,626,deepseek-r1,score,0.1564,5.5945,1.8023,622,0
2026-02-01 00:52:58,521,deepseek-r1,generate,42.8889,5.5777,1.8022,1521,768
2026-02-01 00:53:14,013,deepseek-r1,score,15.0772,7.3164,1.8022,3380,0
2026-02-01 00:54:32,989,deepseek-r1,generate,77.0715,6.5396,1.8022,7129,1385
2026-02-01 00:55:23,404,deepseek-r1,generate,50.2027,5.5178,1.8022,1183,913
2026-02-01 00:55:35,553,deepseek-r1,score,12.0484,7.4509,1.8022,3613,0
2026-02-01 00:56:08,583,deepseek-r1,generate,30.9681,6.6269,1.8022,7599,546
2026-02-01 00:56:13,833,deepseek-r1,score,5.0443,7.4509,1.8022,3613,0
2026-02-01 00:57:12,653,deepseek-r1,generate,56.6999,6.6269,1.8022,7599,988
2026-02-01 00:57:18,249,deepseek-r1,score,5.3853,6.9796,1.8022,2844,0
2026-02-01 00:57:54,394,deepseek-r1,generate,34.8325,6.3506,1.8021,6062,613
2026-02-01 00:57:58,492,deepseek-r1,score,3.8755,6.9823,1.8021,2848,0
2026-02-01 00:58:40,855,deepseek-r1,generate,41.0234,6.3517,1.8021,6070,715
2026-02-01 00:58:47,705,deepseek-r1,score,6.6348,7.1568,1.8021,3131,0
2026-02-01 00:59:20,304,deepseek-r1,generate,30.9787,6.4472,1.8021,6637,550
2026-02-01 00:59:23,395,deepseek-r1,score,2.8830,7.0289,1.8021,2925,0
2026-02-01 01:00:01,153,deepseek-r1,generate,36.3323,6.3730,1.8021,6226,669
2026-02-01 01:00:01,660,deepseek-r1,score,0.3569,6.3999,1.8021,1913,0
2026-02-01 01:00:47,279,deepseek-r1,generate,45.6128,5.9942,1.8021,4202,842
2026-02-01 01:00:47,718,deepseek-r1,score,0.3574,6.3999,1.8021,1913,0
2026-02-01 01:01:26,088,deepseek-r1,generate,38.3642,5.9942,1.8021,4202,698
2026-02-01 01:01:26,594,deepseek-r1,score,0.3572,6.3993,1.8021,1912,0
2026-02-01 01:01:47,603,deepseek-r1,generate,21.0032,5.9939,1.8021,4200,401
2026-02-01 01:01:48,164,deepseek-r1,score,0.3556,6.3993,1.8021,1912,0
2026-02-01 01:02:14,140,deepseek-r1,generate,25.9699,5.9939,1.8021,4200,491
2026-02-01 01:02:22,105,deepseek-r1,score,7.7760,7.1444,1.8021,3108,0
2026-02-01 01:02:56,587,deepseek-r1,generate,32.8533,6.4405,1.8021,6597,571
2026-02-01 01:02:57,158,deepseek-r1,score,0.3820,6.4753,1.8021,2038,0
2026-02-01 01:04:02,026,deepseek-r1,generate,64.8614,6.0417,1.8021,4456,1188
2026-02-01 01:04:02,415,deepseek-r1,score,0.1554,5.5896,1.8021,614,0
2026-02-01 01:04:30,488,deepseek-r1,generate,28.0670,5.5910,1.8021,1626,497
2026-02-01 01:05:21,360,deepseek-r1,generate,50.7406,5.4152,1.8021,519,966
2026-02-01 01:05:21,652,deepseek-r1,score,0.1551,5.5896,1.8021,614,0
2026-02-01 01:06:11,149,deepseek-r1,generate,49.4904,5.5910,1.8021,1626,899
2026-02-01 01:07:06,828,deepseek-r1,generate,55.5447,5.4152,1.8020,519,1055
2026-02-01 01:07:07,250,deepseek-r1,score,0.3775,6.4112,1.8020,1934,0
2026-02-01 01:07:57,466,deepseek-r1,generate,50.2102,6.0035,1.8020,4248,894
2026-02-01 01:07:58,012,deepseek-r1,score,0.4428,6.6169,1.8020,2265,0
2026-02-01 01:08:33,298,deepseek-r1,generate,35.2801,6.1316,1.8019,4913,650
2026-02-01 01:08:40,748,deepseek-r1,score,7.3134,7.0173,1.8019,2906,0
2026-02-01 01:09:14,368,deepseek-r1,generate,32.1743,6.3689,1.8019,6196,593
2026-02-01 01:09:14,887,deepseek-r1,score,0.3774,6.4263,1.8019,1961,0
2026-02-01 01:10:01,634,deepseek-r1,generate,46.7420,6.0132,1.8019,4305,830
2026-02-01 01:10:02,143,deepseek-r1,score,0.3780,6.4263,1.8019,1961,0
2026-02-01 01:10:34,170,deepseek-r1,generate,32.0208,6.0132,1.8019,4305,586
2026-02-01 01:10:34,709,deepseek-r1,score,0.3156,6.1820,1.8019,1561,0
2026-02-01 01:11:55,498,deepseek-r1,generate,80.7834,5.8738,1.8019,3509,1470
2026-02-01 01:11:56,225,deepseek-r1,score,0.4598,6.6992,1.8019,2404,0
2026-02-01 01:11:56,691,deepseek-r1,score,0.4587,6.6986,1.8019,2403,0
2026-02-01 01:12:32,961,deepseek-r1,generate,36.2633,6.1769,1.8019,5186,663
2026-02-01 01:13:39,934,llama3.1,score,0.9257,7.4200,1.8006,3501,0
2026-02-01 01:14:05,599,llama3.1,generate,25.6602,7.0461,1.8006,7398,377
2026-02-01 01:14:23,426,llama3.1,generate,17.6168,5.7274,1.8006,1438,266
2026-02-01 01:14:24,370,llama3.1,score,0.7408,7.4200,1.8006,3501,0
2026-02-01 01:14:48,559,llama3.1,generate,24.1843,7.0461,1.8006,7398,362
2026-02-01 01:15:17,649,llama3.1,generate,28.8711,5.7274,1.8006,1438,446
2026-02-01 01:15:18,011,llama3.1,score,0.1520,5.6832,1.8006,586,0
2026-02-01 01:15:36,994,llama3.1,generate,18.9800,5.7380,1.8006,1491,291
2026-02-01 01:15:38,094,llama3.1,score,0.6393,7.1992,1.8006,3133,0
2026-02-01 01:16:07,747,llama3.1,generate,29.6482,6.8764,1.8006,6664,447
2026-02-01 01:16:25,973,llama3.1,generate,18.0141,5.6811,1.8006,1214,299
2026-02-01 01:16:26,729,llama3.1,score,0.6585,7.2568,1.8006,3229,0
2026-02-01 01:16:48,714,llama3.1,generate,21.9813,6.9205,1.8006,6860,347
2026-02-01 01:16:49,573,llama3.1,score,0.6572,7.2568,1.8006,3229,0
2026-02-01 01:17:07,348,llama3.1,generate,17.7712,6.9205,1.8006,6860,266
2026-02-01 01:17:08,077,llama3.1,score,0.5190,6.8526,1.8006,2555,0
2026-02-01 01:17:29,268,llama3.1,generate,21.1872,6.6057,1.8006,5513,322
2026-02-01 01:17:30,018,llama3.1,score,0.5204,6.8537,1.8006,2557,0
2026-02-01 01:17:57,283,llama3.1,generate,27.2609,6.6066,1.8006,5517,443
2026-02-01 01:17:58,090,llama3.1,score,0.5921,7.0039,1.8006,2806,0
2026-02-01 01:18:18,776,llama3.1,generate,20.6814,6.7242,1.8006,6016,309
2026-02-01 01:18:19,530,llama3.1,score,0.5378,6.9113,1.8006,2653,0
2026-02-01 01:18:34,545,llama3.1,generate,15.0113,6.6519,1.8006,5711,228
2026-02-01 01:18:35,084,llama3.1,score,0.3854,6.3926,1.8006,1758,0
2026-02-01 01:18:57,073,llama3.1,generate,21.9848,6.2448,1.8006,3921,332
2026-02-01 01:18:57,542,llama3.1,score,0.3874,6.3926,1.8006,1758,0
2026-02-01 01:19:13,335,llama3.1,generate,15.7892,6.2448,1.8006,3921,250
2026-02-01 01:19:13,868,llama3.1,score,0.3846,6.3889,1.8006,1751,0
2026-02-01 01:19:33,274,llama3.1,generate,19.4020,6.2405,1.8006,3907,305
2026-02-01 01:19:33,879,llama3.1,score,0.3865,6.3889,1.8006,1751,0
2026-02-01 01:19:52,582,llama3.1,generate,18.6994,6.2405,1.8006,3907,290
2026-02-01 01:19:53,406,llama3.1,score,0.6372,7.0237,1.8006,2839,0
2026-02-01 01:20:17,234,llama3.1,generate,23.8233,6.7408,1.8006,6088,361
2026-02-01 01:20:17,816,llama3.1,score,0.3897,6.4199,1.8006,1805,0
2026-02-01 01:20:33,827,llama3.1,generate,16.0069,6.2628,1.8006,4019,239
2026-02-01 01:20:34,224,llama3.1,score,0.1491,5.6880,1.8006,594,0
2026-02-01 01:20:48,295,llama3.1,generate,14.0685,5.7884,1.8006,1603,223
2026-02-01 01:21:04,107,llama3.1,generate,15.6770,5.5590,1.8006,550,257
2026-02-01 01:21:04,387,llama3.1,score,0.1514,5.6880,1.8006,594,0
2026-02-01 01:21:21,769,llama3.1,generate,17.3794,5.7884,1.8006,1603,270
2026-02-01 01:21:42,059,llama3.1,generate,20.1572,5.5590,1.8006,550,324
2026-02-01 01:21:42,485,llama3.1,score,0.3859,6.4039,1.8006,1776,0
2026-02-01 01:22:03,708,llama3.1,generate,21.2193,6.2523,1.8006,3961,330
2026-02-01 01:22:04,222,llama3.1,score,0.4108,6.5063,1.8006,1964,0
2026-02-01 01:22:33,625,llama3.1,generate,29.3991,6.3342,1.8006,4340,439
2026-02-01 01:22:34,357,llama3.1,score,0.5888,6.9761,1.8006,2761,0
2026-02-01 01:22:47,620,llama3.1,generate,13.2582,6.7050,1.8006,5935,201
2026-02-01 01:22:48,158,llama3.1,score,0.3911,6.4358,1.8006,1833,0
2026-02-01 01:23:16,829,llama3.1,generate,28.6675,6.2728,1.8006,4078,445
2026-02-01 01:23:17,355,llama3.1,score,0.3906,6.4358,1.8006,1833,0
2026-02-01 01:23:38,989,llama3.1,generate,21.6293,6.2728,1.8006,4078,329
2026-02-01 01:23:39,538,llama3.1,score,0.3156,6.2289,1.8006,1515,0
2026-02-01 01:23:54,371,llama3.1,generate,14.8294,6.1412,1.8006,3446,217
2026-02-01 01:23:55,116,llama3.1,score,0.4862,6.6293,1.8006,2178,0
2026-02-01 01:23:55,607,llama3.1,score,0.4877,6.6287,1.8006,2177,0
2026-02-01 01:24:23,733,llama3.1,generate,28.1215,6.4321,1.8006,4763,434
2026-02-01 01:25:49,002,gemma2,score,8.9775,10.9652,1.9462,4096,0
2026-02-01 01:26:07,140,gemma2,generate,11.7741,9.5480,1.9462,8771,71
2026-02-01 01:26:50,402,gemma2,generate,39.8877,6.3853,1.9462,1420,426
2026-02-01 01:27:10,225,gemma2,score,19.6002,10.9652,1.9462,4096,0
2026-02-01 01:27:30,274,gemma2,generate,13.6182,9.5480,1.9462,8771,85
2026-02-01 01:28:06,642,gemma2,generate,33.0855,6.3853,1.9462,1420,316
2026-02-01 01:28:07,085,gemma2,score,0.2309,6.6339,1.9462,711,0
2026-02-01 01:28:15,980,gemma2,generate,8.8913,6.5030,1.9462,1708,77
2026-02-01 01:28:35,627,gemma2,score,19.2323,10.4797,1.9462,3717,0
2026-02-01 01:28:53,562,gemma2,generate,12.1063,9.1238,1.9462,7815,75
2026-02-01 01:29:27,061,gemma2,generate,31.0108,6.2865,1.9462,1174,306
2026-02-01 01:29:38,030,gemma2,score,10.8701,10.7709,1.9462,3943,0
2026-02-01 01:30:13,515,gemma2,generate,29.2952,9.3259,1.9462,8272,234
2026-02-01 01:30:24,767,gemma2,score,7.9662,10.7709,1.9462,3943,0
2026-02-01 01:31:05,202,gemma2,generate,34.2217,9.3259,1.9462,8272,246
2026-02-01 01:31:14,843,gemma2,score,6.3054,9.7484,1.9462,3146,0
2026-02-01 01:31:55,128,gemma2,generate,35.3775,8.6203,1.9462,6678,322
2026-02-01 01:32:04,208,gemma2,score,7.5337,9.7579,1.9462,3152,0
2026-02-01 01:32:19,383,gemma2,generate,10.2681,8.6256,1.9462,6690,68
2026-02-01 01:32:31,833,gemma2,score,10.9426,10.1305,1.9462,3443,0
2026-02-01 01:32:49,090,gemma2,generate,11.8681,8.8833,1.9462,7274,74
2026-02-01 01:32:58,233,gemma2,score,6.7184,9.9577,1.9462,3309,0
2026-02-01 01:33:23,949,gemma2,generate,20.5425,8.7670,1.9462,7007,171
2026-02-01 01:33:30,597,gemma2,score,4.8826,8.3600,1.9462,2062,0
2026-02-01 01:34:03,098,gemma2,generate,31.0854,7.6718,1.9462,4515,279
2026-02-01 01:34:07,636,gemma2,score,4.4530,8.3600,1.9462,2062,0
2026-02-01 01:34:40,762,gemma2,generate,31.7128,7.6718,1.9462,4515,286
2026-02-01 01:34:45,995,gemma2,score,5.0867,8.3908,1.9462,2086,0
2026-02-01 01:34:56,434,gemma2,generate,9.0262,7.6927,1.9462,4563,76
2026-02-01 01:35:01,464,gemma2,score,4.8159,8.3908,1.9462,2086,0
2026-02-01 01:35:12,530,gemma2,generate,9.6547,7.6927,1.9462,4563,74
2026-02-01 01:35:20,797,gemma2,score,8.0735,10.2008,1.9462,3499,0
2026-02-01 01:35:38,108,gemma2,generate,11.9049,8.9354,1.9462,7392,70
2026-02-01 01:35:43,362,gemma2,score,2.8058,8.6044,1.9462,2251,0
2026-02-01 01:36:27,018,gemma2,generate,42.0953,7.8380,1.9462,4895,367
2026-02-01 01:36:27,506,gemma2,score,0.2465,6.5812,1.9462,670,0
2026-02-01 01:37:05,736,gemma2,generate,38.2269,6.5213,1.9462,1757,361
2026-02-01 01:37:44,596,gemma2,generate,38.7250,6.0363,1.9462,539,366
2026-02-01 01:37:44,967,gemma2,score,0.2367,6.5812,1.9462,670,0
2026-02-01 01:38:21,287,gemma2,generate,36.3165,6.5213,1.9462,1757,351
2026-02-01 01:38:56,508,gemma2,generate,35.0850,6.0363,1.9462,539,338
2026-02-01 01:39:03,988,gemma2,score,7.4387,8.4709,1.9462,2148,0
2026-02-01 01:39:13,724,gemma2,generate,8.1938,7.7488,1.9462,4689,65
2026-02-01 01:39:18,700,gemma2,score,4.8718,9.0208,1.9462,2576,0
2026-02-01 01:39:46,760,gemma2,generate,26.2452,8.1238,1.9462,5548,253
2026-02-01 01:39:53,968,gemma2,score,6.7136,9.7423,1.9462,3140,0
2026-02-01 01:40:29,107,gemma2,generate,30.2619,8.6199,1.9462,6677,284
2026-02-01 01:40:33,754,gemma2,score,3.1815,8.5618,1.9462,2219,0
2026-02-01 01:41:08,991,gemma2,generate,33.6902,7.8115,1.9462,4834,296
2026-02-01 01:41:16,617,gemma2,score,7.4979,8.5618,1.9462,2219,0
2026-02-01 01:41:28,517,gemma2,generate,10.3581,7.8115,1.9462,4834,76
2026-02-01 01:41:31,573,gemma2,score,2.8174,7.9158,1.9462,1714,0
2026-02-01 01:41:42,826,gemma2,generate,10.1491,7.3601,1.9462,3830,87
2026-02-01 01:41:46,728,gemma2,score,3.6399,9.0772,1.9462,2621,0
2026-02-01 01:41:51,455,gemma2,score,2.8599,9.0764,1.9462,2620,0
2026-02-01 01:42:21,111,gemma2,generate,27.7763,8.1608,1.9462,5633,249
2026-02-01 02:15:30,523,qwen-coder,score,3.4487,7.5406,1.7515,3754,0
2026-02-01 02:15:37,693,qwen-coder,generate,4.6374,6.6878,1.7515,7908,51
2026-02-01 02:15:42,081,qwen-coder,score,3.9779,7.5406,1.7515,3754,0
2026-02-01 02:15:48,658,qwen-coder,generate,4.0467,6.6878,1.7515,7908,50
2026-02-01 02:15:49,743,qwen-coder,score,0.6551,7.3119,1.7515,3373,0
2026-02-01 02:15:54,228,qwen-coder,generate,4.1056,6.5467,1.7515,7146,54
2026-02-01 02:15:57,986,qwen-coder,score,3.4560,7.4541,1.7515,3613,0
2026-02-01 02:16:03,677,qwen-coder,generate,3.2299,6.6350,1.7515,7623,37
2026-02-01 02:16:07,398,qwen-coder,score,3.5178,7.4541,1.7515,3613,0
2026-02-01 02:16:14,397,qwen-coder,generate,4.5079,6.6350,1.7515,7623,63
2026-02-01 02:16:15,167,qwen-coder,score,0.5548,6.9816,1.7515,2844,0
2026-02-01 02:16:19,698,qwen-coder,generate,4.5232,6.3575,1.7515,6086,51
2026-02-01 02:16:20,482,qwen-coder,score,0.5555,6.9843,1.7515,2848,0
2026-02-01 02:16:24,415,qwen-coder,generate,3.9261,6.3586,1.7515,6094,52
2026-02-01 02:16:25,232,qwen-coder,score,0.5985,7.1624,1.7515,3133,0
2026-02-01 02:16:29,313,qwen-coder,generate,4.0731,6.4564,1.7515,6663,54
2026-02-01 02:16:30,083,qwen-coder,score,0.5561,7.0351,1.7515,2928,0
2026-02-01 02:16:33,343,qwen-coder,generate,3.2525,6.3816,1.7515,6253,38
2026-02-01 02:16:33,861,qwen-coder,score,0.3605,6.4037,1.7515,1914,0
2026-02-01 02:16:38,377,qwen-coder,generate,4.5120,6.0027,1.7515,4227,57
2026-02-01 02:16:38,817,qwen-coder,score,0.3596,6.4037,1.7515,1914,0
2026-02-01 02:16:42,241,qwen-coder,generate,3.4202,6.0027,1.7515,4227,45
2026-02-01 02:16:42,751,qwen-coder,score,0.3605,6.4032,1.7515,1913,0
2026-02-01 02:16:45,935,qwen-coder,generate,3.1804,6.0024,1.7515,4225,44
2026-02-01 02:16:46,509,qwen-coder,score,0.3589,6.4032,1.7515,1913,0
2026-02-01 02:16:49,667,qwen-coder,generate,3.1542,6.0024,1.7515,4225,52
2026-02-01 02:16:50,074,qwen-coder,score,0.1694,5.6122,1.7515,645,0
2026-02-01 02:16:53,553,qwen-coder,generate,3.4717,5.5972,1.7515,1681,49
2026-02-01 02:16:53,976,qwen-coder,score,0.1600,5.6122,1.7515,645,0
2026-02-01 02:17:00,113,qwen-coder,generate,6.1308,5.5972,1.7515,1681,95
2026-02-01 02:17:00,655,qwen-coder,score,0.3170,6.1820,1.7515,1558,0
2026-02-01 02:17:03,471,qwen-coder,generate,2.8127,5.8778,1.7515,3517,43
2026-02-01 02:17:03,983,qwen-coder,score,0.3161,6.1820,1.7515,1558,0
2026-02-01 02:17:07,188,qwen-coder,generate,3.2020,5.8778,1.7515,3517,50
2026-02-01 02:17:07,800,qwen-coder,score,0.2947,6.1655,1.7515,1518,0
2026-02-01 02:17:08,099,qwen-coder,score,0.2952,6.1655,1.7515,1518,0
2026-02-01 02:17:14,378,qwen-coder,generate,6.2759,5.8721,1.7515,3439,88
2026-02-01 02:17:15,111,qwen-coder,score,0.2936,6.1655,1.7515,1518,0
2026-02-01 02:17:15,410,qwen-coder,score,0.2964,6.1655,1.7515,1518,0
2026-02-01 02:17:20,015,qwen-coder,generate,4.6008,5.8721,1.7515,3439,70
2026-02-01 02:17:20,759,qwen-coder,score,0.4579,6.7002,1.7515,2400,0
2026-02-01 02:17:21,223,qwen-coder,score,0.4600,6.7020,1.7515,2403,0
2026-02-01 02:17:25,241,qwen-coder,generate,4.0112,6.1837,1.7515,5206,56
2026-02-01 02:17:25,915,qwen-coder,score,0.5287,6.9377,1.7515,2775,0
2026-02-01 02:17:26,453,qwen-coder,score,0.5305,6.9412,1.7515,2782,0
2026-02-01 02:17:31,411,qwen-coder,generate,4.9498,6.3241,1.7515,5960,67
2026-02-01 02:17:32,091,qwen-coder,score,0.5298,6.9377,1.7515,2775,0
2026-02-01 02:17:32,630,qwen-coder,score,0.5321,6.9412,1.7515,2782,0
2026-02-01 02:17:38,312,qwen-coder,generate,5.6741,6.3241,1.7515,5960,72
2026-02-01 02:17:38,891,qwen-coder,score,0.2932,6.1608,1.7515,1509,0
2026-02-01 02:17:39,189,qwen-coder,score,0.2945,6.1382,1.7515,1481,0
2026-02-01 02:17:42,531,qwen-coder,generate,3.3382,5.8637,1.7515,3393,52
2026-02-01 02:17:43,113,qwen-coder,score,0.1686,5.6246,1.7515,665,0
2026-02-01 02:17:43,283,qwen-coder,score,0.1629,5.6326,1.7515,678,0
2026-02-01 02:17:45,722,qwen-coder,generate,2.4324,5.6089,1.7515,1746,40
2026-02-01 02:17:48,459,qwen-coder,generate,2.5273,5.4159,1.7515,500,53
2026-02-01 02:17:48,919,qwen-coder,score,0.2089,5.8230,1.7515,985,0
2026-02-01 02:17:49,136,qwen-coder,score,0.2084,5.8254,1.7515,989,0
2026-02-01 02:17:54,520,qwen-coder,generate,5.3753,5.6986,1.7515,2377,68
2026-02-01 02:19:06,544,deepseek-r1,score,0.8846,7.5347,1.7174,3754,0
2026-02-01 02:19:54,895,deepseek-r1,generate,48.2895,6.6771,1.7174,7884,836
2026-02-01 02:19:56,009,deepseek-r1,score,0.7062,7.5347,1.7174,3754,0
2026-02-01 02:20:20,444,deepseek-r1,generate,24.4074,6.6771,1.7174,7884,414
2026-02-01 02:20:21,507,deepseek-r1,score,0.6546,7.3058,1.7174,3373,0
2026-02-01 02:21:18,231,deepseek-r1,generate,56.7152,6.5348,1.7174,7122,977
2026-02-01 02:21:19,267,deepseek-r1,score,0.7282,7.4481,1.7174,3613,0
2026-02-01 02:21:54,449,deepseek-r1,generate,35.1246,6.6241,1.7174,7599,586
2026-02-01 02:21:55,332,deepseek-r1,score,0.6841,7.4481,1.7174,3613,0
2026-02-01 02:22:30,791,deepseek-r1,generate,35.4494,6.6241,1.7174,7599,662
2026-02-01 02:22:31,560,deepseek-r1,score,0.5531,6.9758,1.7174,2844,0
2026-02-01 02:22:53,097,deepseek-r1,generate,21.5333,6.3487,1.7174,6062,419
2026-02-01 02:22:53,868,deepseek-r1,score,0.5436,6.9782,1.7174,2848,0
2026-02-01 02:24:06,700,deepseek-r1,generate,72.8290,6.3498,1.7174,6070,1312
2026-02-01 02:24:07,512,deepseek-r1,score,0.5960,7.1555,1.7174,3133,0
2026-02-01 02:24:51,231,deepseek-r1,generate,43.7160,6.4452,1.7174,6639,772
2026-02-01 02:24:51,996,deepseek-r1,score,0.5561,7.0284,1.7174,2928,0
2026-02-01 02:25:31,447,deepseek-r1,generate,39.4470,6.3714,1.7174,6229,680
2026-02-01 02:25:31,959,deepseek-r1,score,0.3576,6.3973,1.7174,1914,0
2026-02-01 02:27:10,127,deepseek-r1,generate,98.1641,5.9917,1.7174,4203,1708
2026-02-01 02:27:10,567,deepseek-r1,score,0.3577,6.3973,1.7174,1914,0
2026-02-01 02:27:52,201,deepseek-r1,generate,41.6302,5.9917,1.7174,4203,710
2026-02-01 02:27:52,707,deepseek-r1,score,0.3587,6.3968,1.7174,1913,0
2026-02-01 02:28:30,564,deepseek-r1,generate,37.8522,5.9914,1.7174,4201,690
2026-02-01 02:28:31,127,deepseek-r1,score,0.3575,6.3968,1.7174,1913,0
2026-02-01 02:29:01,093,deepseek-r1,generate,29.9626,5.9914,1.7174,4201,565
2026-02-01 02:29:01,500,deepseek-r1,score,0.1687,5.6062,1.7174,645,0
2026-02-01 02:30:19,387,deepseek-r1,generate,77.8794,5.5888,1.7174,1657,1386
2026-02-01 02:30:19,800,deepseek-r1,score,0.1691,5.6062,1.7174,645,0
2026-02-01 02:32:11,407,deepseek-r1,generate,111.5997,5.5888,1.7174,1657,2048
2026-02-01 02:32:11,889,deepseek-r1,score,0.3183,6.1765,1.7174,1558,0
2026-02-01 02:33:08,566,deepseek-r1,generate,56.6727,5.8700,1.7174,3493,1054
2026-02-01 02:33:09,077,deepseek-r1,score,0.3168,6.1765,1.7174,1558,0
2026-02-01 02:33:33,161,deepseek-r1,generate,24.0802,5.8700,1.7174,3493,435
2026-02-01 02:33:33,779,deepseek-r1,score,0.2958,6.1602,1.7174,1518,0
2026-02-01 02:33:34,076,deepseek-r1,score,0.2939,6.1602,1.7174,1518,0
2026-02-01 02:33:57,932,deepseek-r1,generate,23.8528,5.8598,1.7174,3415,415
2026-02-01 02:33:58,651,deepseek-r1,score,0.2924,6.1602,1.7174,1518,0
2026-02-01 02:33:58,947,deepseek-r1,score,0.2925,6.1602,1.7174,1518,0
2026-02-01 02:34:23,465,deepseek-r1,generate,24.5142,5.8598,1.7174,3415,454
2026-02-01 02:34:24,185,deepseek-r1,score,0.4571,6.6946,1.7174,2400,0
2026-02-01 02:34:24,645,deepseek-r1,score,0.4560,6.6964,1.7174,2403,0
2026-02-01 02:35:08,527,deepseek-r1,generate,43.8788,6.1736,1.7174,5182,762
2026-02-01 02:35:09,200,deepseek-r1,score,0.5295,6.9326,1.7174,2775,0
2026-02-01 02:35:09,735,deepseek-r1,score,0.5317,6.9361,1.7174,2782,0
2026-02-01 02:36:05,895,deepseek-r1,generate,56.1565,6.3136,1.7174,5936,1051
2026-02-01 02:36:06,573,deepseek-r1,score,0.5280,6.9326,1.7174,2775,0
2026-02-01 02:36:07,107,deepseek-r1,score,0.5306,6.9361,1.7174,2782,0
2026-02-01 02:37:08,945,deepseek-r1,generate,61.8341,6.3136,1.7174,5936,1085
2026-02-01 02:37:09,521,deepseek-r1,score,0.2933,6.1557,1.7174,1509,0
2026-02-01 02:37:09,819,deepseek-r1,score,0.2938,6.1329,1.7174,1481,0
2026-02-01 02:37:58,131,deepseek-r1,generate,48.3090,5.8511,1.7174,3369,936
2026-02-01 02:37:58,715,deepseek-r1,score,0.1708,5.6186,1.7174,665,0
2026-02-01 02:37:58,884,deepseek-r1,score,0.1627,5.6267,1.7174,678,0
2026-02-01 02:38:32,201,deepseek-r1,generate,33.3103,5.6015,1.7174,1722,628
2026-02-01 02:39:19,176,deepseek-r1,generate,46.7768,5.4070,1.7174,476,872
2026-02-01 02:39:19,679,deepseek-r1,score,0.2092,5.8170,1.7174,985,0
2026-02-01 02:39:19,896,deepseek-r1,score,0.2082,5.8195,1.7174,989,0
2026-02-01 02:40:12,827,deepseek-r1,generate,52.9221,5.6897,1.7174,2353,963
2026-02-01 02:41:20,214,llama3.1,score,0.9761,7.4146,1.7499,3492,0
2026-02-01 02:41:43,638,llama3.1,generate,23.4188,7.0436,1.7499,7389,343
2026-02-01 02:41:44,786,llama3.1,score,0.7401,7.4146,1.7499,3492,0
2026-02-01 02:42:09,954,llama3.1,generate,25.1638,7.0436,1.7499,7389,390
2026-02-01 02:42:11,008,llama3.1,score,0.6413,7.1950,1.7499,3126,0
2026-02-01 02:42:32,402,llama3.1,generate,21.3895,6.8732,1.7499,6657,321
2026-02-01 02:42:33,368,llama3.1,score,0.6594,7.2568,1.7499,3229,0
2026-02-01 02:43:05,940,llama3.1,generate,32.5681,6.9205,1.7499,6860,502
2026-02-01 02:43:06,799,llama3.1,score,0.6594,7.2568,1.7499,3229,0
2026-02-01 02:43:30,697,llama3.1,generate,23.8940,6.9205,1.7499,6860,357
2026-02-01 02:43:31,424,llama3.1,score,0.5201,6.8525,1.7499,2555,0
2026-02-01 02:43:55,132,llama3.1,generate,23.7042,6.6057,1.7499,5513,377
2026-02-01 02:43:55,869,llama3.1,score,0.5173,6.8537,1.7499,2557,0
2026-02-01 02:44:30,540,llama3.1,generate,34.6671,6.6066,1.7499,5517,532
2026-02-01 02:44:31,342,llama3.1,score,0.5899,7.0049,1.7499,2808,0
2026-02-01 02:45:01,514,llama3.1,generate,30.1671,6.7237,1.7499,6018,470
2026-02-01 02:45:02,263,llama3.1,score,0.5385,6.9131,1.7499,2656,0
2026-02-01 02:45:30,619,llama3.1,generate,28.3516,6.6534,1.7499,5714,444
2026-02-01 02:45:31,158,llama3.1,score,0.3852,6.3910,1.7499,1759,0
2026-02-01 02:45:55,224,llama3.1,generate,24.0618,6.2445,1.7499,3922,392
2026-02-01 02:45:55,691,llama3.1,score,0.3850,6.3910,1.7499,1759,0
2026-02-01 02:46:17,629,llama3.1,generate,21.9339,6.2445,1.7499,3922,374
2026-02-01 02:46:18,162,llama3.1,score,0.3868,6.3873,1.7499,1752,0
2026-02-01 02:46:36,514,llama3.1,generate,18.3484,6.2420,1.7499,3908,307
2026-02-01 02:46:37,110,llama3.1,score,0.3862,6.3873,1.7499,1752,0
2026-02-01 02:46:59,795,llama3.1,generate,22.6815,6.2420,1.7499,3908,363
2026-02-01 02:47:00,201,llama3.1,score,0.1501,5.6970,1.7499,613,0
2026-02-01 02:47:23,092,llama3.1,generate,22.8873,5.7879,1.7499,1622,376
2026-02-01 02:47:23,500,llama3.1,score,0.1497,5.6970,1.7499,613,0
2026-02-01 02:47:48,437,llama3.1,generate,24.9338,5.7879,1.7499,1622,438
2026-02-01 02:47:48,974,llama3.1,score,0.3139,6.1718,1.7499,1420,0
2026-02-01 02:48:08,709,llama3.1,generate,19.7313,6.0997,1.7499,3246,334
2026-02-01 02:48:09,220,llama3.1,score,0.3142,6.1718,1.7499,1420,0
2026-02-01 02:48:35,266,llama3.1,generate,26.0412,6.0997,1.7499,3246,419
2026-02-01 02:48:35,868,llama3.1,score,0.2982,6.1300,1.7499,1349,0
2026-02-01 02:48:36,170,llama3.1,score,0.2981,6.1300,1.7499,1349,0
2026-02-01 02:48:47,019,llama3.1,generate,10.8453,6.0708,1.7499,3106,183
2026-02-01 02:48:47,736,llama3.1,score,0.2994,6.1300,1.7499,1349,0
2026-02-01 02:48:48,038,llama3.1,score,0.2981,6.1300,1.7499,1349,0
2026-02-01 02:49:13,341,llama3.1,generate,25.2977,6.0708,1.7499,3106,416
2026-02-01 02:49:14,115,llama3.1,score,0.4917,6.6882,1.7499,2280,0
2026-02-01 02:49:14,612,llama3.1,score,0.4928,6.6899,1.7499,2283,0
2026-02-01 02:49:32,792,llama3.1,generate,18.1763,6.4800,1.7499,4971,275
2026-02-01 02:49:33,451,llama3.1,score,0.5185,6.8495,1.7499,2550,0
2026-02-01 02:49:33,977,llama3.1,score,0.5215,6.8537,1.7499,2557,0
2026-02-01 02:49:56,281,llama3.1,generate,22.2999,6.6062,1.7498,5515,370
2026-02-01 02:49:56,950,llama3.1,score,0.5176,6.8495,1.7498,2550,0
2026-02-01 02:49:57,475,llama3.1,score,0.5206,6.8537,1.7498,2557,0
2026-02-01 02:50:22,539,llama3.1,generate,25.0600,6.6062,1.7498,5515,396
2026-02-01 02:50:23,111,llama3.1,score,0.2758,6.1354,1.7498,1359,0
2026-02-01 02:50:23,410,llama3.1,score,0.2952,6.1199,1.7498,1333,0
2026-02-01 02:50:37,996,llama3.1,generate,14.5822,6.0696,1.7498,3100,251
2026-02-01 02:50:38,547,llama3.1,score,0.1497,5.7037,1.7498,626,0
2026-02-01 02:50:38,700,llama3.1,score,0.1493,5.7097,1.7498,639,0
2026-02-01 02:50:59,812,llama3.1,generate,21.1084,5.7957,1.7498,1673,353
2026-02-01 02:51:22,983,llama3.1,generate,22.9743,5.5342,1.7498,507,386
2026-02-01 02:51:23,452,llama3.1,score,0.2173,5.9055,1.7498,964,0
2026-02-01 02:51:23,673,llama3.1,score,0.2171,5.9074,1.7498,968,0
2026-02-01 02:51:30,337,llama3.1,generate,6.6616,5.9126,1.7498,2340,106
2026-02-01 02:54:04,154,gemma2,score,10.1231,10.9652,1.8881,4096,0
2026-02-01 02:54:25,523,gemma2,generate,14.1960,9.5453,1.8881,8764,79
2026-02-01 02:54:38,741,gemma2,score,9.4269,10.9652,1.8881,4096,0
2026-02-01 02:55:14,077,gemma2,generate,28.1060,9.5453,1.8881,8764,217
2026-02-01 02:55:26,728,gemma2,score,8.8057,10.4682,1.8881,3708,0
2026-02-01 02:55:44,265,gemma2,generate,11.0957,9.1213,1.8881,7806,67
2026-02-01 02:55:56,142,gemma2,score,9.0460,10.7706,1.8881,3943,0
2026-02-01 02:56:14,519,gemma2,generate,11.5050,9.3254,1.8881,8272,67
2026-02-01 02:56:31,335,gemma2,score,13.6540,10.7706,1.8881,3943,0
2026-02-01 02:57:09,487,gemma2,generate,31.2653,9.3254,1.8881,8272,289
2026-02-01 02:57:21,380,gemma2,score,8.6416,9.7488,1.8881,3146,0
2026-02-01 02:57:38,074,gemma2,generate,11.2670,8.6203,1.8881,6678,85
2026-02-01 02:57:47,772,gemma2,score,7.9755,9.7579,1.8881,3152,0
2026-02-01 02:58:02,818,gemma2,generate,9.6016,8.6256,1.8881,6690,69
2026-02-01 02:58:23,783,gemma2,score,19.2754,10.1331,1.8881,3445,0
2026-02-01 02:59:01,824,gemma2,generate,32.0128,8.8842,1.8881,7276,281
2026-02-01 02:59:12,961,gemma2,score,8.5306,9.9635,1.8881,3312,0
2026-02-01 02:59:45,219,gemma2,generate,26.5091,8.7688,1.8881,7010,265
2026-02-01 02:59:50,805,gemma2,score,3.9769,8.3621,1.8881,2063,0
2026-02-01 03:00:00,258,gemma2,generate,7.8906,7.6737,1.8881,4516,79
2026-02-01 03:00:05,475,gemma2,score,5.1355,8.3621,1.8881,2063,0
2026-02-01 03:00:14,799,gemma2,generate,7.7360,7.6737,1.8881,4516,72
2026-02-01 03:00:18,386,gemma2,score,3.4391,8.3932,1.8881,2087,0
2026-02-01 03:00:31,664,gemma2,generate,11.6591,7.6937,1.8881,4564,100
2026-02-01 03:00:35,367,gemma2,score,3.4944,8.3932,1.8881,2087,0
2026-02-01 03:00:47,748,gemma2,generate,10.7957,7.6937,1.8881,4564,78
2026-02-01 03:00:48,211,gemma2,score,0.2275,6.6290,1.8881,708,0
2026-02-01 03:01:15,100,gemma2,generate,26.8857,6.5355,1.8881,1795,300
2026-02-01 03:01:15,596,gemma2,score,0.2339,6.6290,1.8881,708,0
2026-02-01 03:01:53,242,gemma2,generate,37.6427,6.5355,1.8881,1795,397
2026-02-01 03:02:00,148,gemma2,score,6.7413,7.8890,1.8881,1691,0
2026-02-01 03:02:39,392,gemma2,generate,37.9912,7.3354,1.8881,3773,404
2026-02-01 03:02:45,494,gemma2,score,5.9547,7.8890,1.8881,1691,0
2026-02-01 03:03:17,733,gemma2,generate,30.9798,7.3354,1.8881,3773,312
2026-02-01 03:03:23,050,gemma2,score,5.0112,7.8234,1.8881,1643,0
2026-02-01 03:03:26,282,gemma2,score,1.9901,7.8234,1.8881,1643,0
2026-02-01 03:03:52,400,gemma2,generate,24.8829,7.2946,1.8880,3678,258
2026-02-01 03:03:58,220,gemma2,score,5.3783,7.8234,1.8880,1643,0
2026-02-01 03:04:01,546,gemma2,score,2.0612,7.8234,1.8880,1643,0
2026-02-01 03:04:27,861,gemma2,generate,24.9794,7.2946,1.8880,3678,251
2026-02-01 03:04:43,783,gemma2,score,15.6415,9.1184,1.8880,2654,0
2026-02-01 03:04:56,344,gemma2,score,7.8035,9.1235,1.8880,2657,0
2026-02-01 03:05:09,465,gemma2,generate,8.4702,8.1924,1.8880,5703,78
2026-02-01 03:05:17,337,gemma2,score,7.6961,9.5280,1.8880,2973,0
2026-02-01 03:05:29,539,gemma2,score,6.9993,9.5387,1.8880,2980,0
2026-02-01 03:05:57,132,gemma2,generate,22.3895,8.4751,1.8880,6345,222
2026-02-01 03:06:06,754,gemma2,score,8.3441,9.5280,1.8880,2973,0
2026-02-01 03:06:19,195,gemma2,score,7.1021,9.5387,1.8880,2980,0
2026-02-01 03:06:35,276,gemma2,generate,10.7681,8.4751,1.8880,6345,86
2026-02-01 03:06:38,952,gemma2,score,2.3089,7.8700,1.8880,1674,0
2026-02-01 03:06:44,691,gemma2,score,4.5001,7.8246,1.8880,1644,0
2026-02-01 03:06:53,730,gemma2,generate,7.7620,7.3086,1.8880,3710,78
2026-02-01 03:06:54,373,gemma2,score,0.2260,6.6638,1.8880,736,0
2026-02-01 03:06:54,606,gemma2,score,0.2300,6.6793,1.8880,748,0
2026-02-01 03:07:04,772,gemma2,generate,10.1634,6.5685,1.8880,1876,112
2026-02-01 03:07:33,701,gemma2,generate,28.7239,6.0135,1.8880,489,316
2026-02-01 03:07:34,270,gemma2,score,0.3246,7.1051,1.8880,1081,0
2026-02-01 03:07:34,602,gemma2,score,0.3285,7.1080,1.8880,1084,0
2026-02-01 03:08:04,121,gemma2,generate,29.5156,6.8440,1.8880,2557,302
